cos,usr_click_nums,same_cos_nums,±»÷µ
0,98737,1028840,0.095969247
0.125,2473,18707,0.132196504
0.0625,1509,7949,0.189835199
1,0,3,0
0.027196,19,107,0.177570093
0.057735,2815,18257,0.154187435
0.014768,0,2,0
0.114286,2,5,0.4
0.031879,48,251,0.19123506
0.02065,12,49,0.244897959
0.072607,0,2,0
0.016254,0,1,0
0.022911,47,187,0.251336898
0.5,157,2200,0.071363636
0.051164,3,20,0.15
0.116775,111,386,0.287564767
0.271163,1,2,0.5
0.149256,7,21,0.333333333
0.043561,2,5,0.4
0.1557,2805,18148,0.154562486
0.031408,0,2,0
0.048507,1208,8403,0.143758182
0.027037,13,60,0.216666667
0.026389,23,104,0.221153846
0.052889,153,518,0.295366795
0.164677,13,47,0.276595745
0.052058,9,32,0.28125
0.216506,16,106,0.150943396
0.054233,2508,16921,0.14821819
0.018137,9,35,0.257142857
0.081379,96,422,0.227488152
0.133038,0,1,0
0.021744,13,63,0.206349206
0.030303,0,1,0
0.038808,260,1247,0.208500401
0.159719,0,1,0
0.102598,5714,46894,0.121849277
0.3114,22,146,0.150684932
0.023415,7,41,0.170731707
0.02268,3,17,0.176470588
0.015587,1,1,1
0.023218,25,107,0.23364486
0.033005,0,1,0
0.060166,344,1222,0.281505728
0.054074,8,29,0.275862069
0.043234,718,4841,0.148316464
0.01511,0,1,0
0.016991,0,1,0
0.104116,0,2,0
0.014809,0,1,0
0.083077,0,1,0
0.030686,1,2,0.5
0.214423,1,3,0.333333333
0.057143,324,1078,0.300556586
0.136931,223,1013,0.220138203
0.055641,9,35,0.257142857
0.038691,310,1302,0.238095238
0.022361,23,90,0.255555556
0.029553,171,769,0.22236671
0.116199,1,6,0.166666667
0.043602,0,5,0
0.319438,1,3,0.333333333
0.09105,0,1,0
0.021642,20,68,0.294117647
0.017474,1,6,0.166666667
0.307148,0,2,0
0.021248,13,57,0.228070175
0.059062,0,1,0
0.25,1058,12340,0.085737439
0.0177,0,2,0
0.081111,1744,11324,0.154009184
0.058124,1071,5412,0.19789357
0.031174,0,2,0
0.074074,1,1,1
0.063246,1732,11167,0.155099848
0.046436,56,210,0.266666667
0.016214,0,2,0
0.015394,1,2,0.5
0.018949,1,11,0.090909091
0.070321,5,24,0.208333333
0.017421,1,3,0.333333333
0.091457,3,4,0.75
0.512989,1,13,0.076923077
0.070418,6,25,0.24
0.068555,25,52,0.480769231
0.094398,41,150,0.273333333
0.03022,161,736,0.21875
0.091799,1,2,0.5
0.055999,0,2,0
0.016129,1,3,0.333333333
0.020498,10,42,0.238095238
0.019407,2,24,0.083333333
0.060302,2261,16808,0.134519277
0.064957,30,108,0.277777778
0.212298,47,189,0.248677249
0.047891,483,2643,0.182746879
0.019448,0,14,0
0.140546,10,24,0.416666667
0.22188,11,82,0.134146341
0.021668,14,64,0.21875
0.5547,1,5,0.2
0.029235,126,639,0.197183099
0.039873,0,3,0
0.036539,1,1,1
0.025254,9,42,0.214285714
0.018161,1,3,0.333333333
0.045883,993,5866,0.1692806
0.047511,4,16,0.25
0.077771,0,2,0
0.07036,34,167,0.203592814
0.042885,25,102,0.245098039
0.054012,0,1,0
0.104132,96,367,0.261580381
0.088999,1385,6396,0.216541588
0.077382,89,345,0.257971014
0.228218,0,1,0
0.016915,1,2,0.5
0.045038,2,4,0.5
0.018349,3,7,0.428571429
0.068701,0,1,0
0.061546,830,4696,0.176746167
0.019861,2,15,0.133333333
0.036886,318,1727,0.184134337
0.015891,0,1,0
0.026774,68,373,0.18230563
0.037062,191,804,0.237562189
0.035737,0,3,0
0.120386,255,1263,0.201900238
0.051793,0,2,0
0.046176,3,6,0.5
0.023408,25,136,0.183823529
0.0153,0,1,0
0.1159,151,568,0.26584507
0.032342,115,398,0.288944724
0.14462,2,12,0.166666667
0.046209,1,1,1
0.045787,3,12,0.25
0.310087,0,3,0
0.029311,75,229,0.327510917
0.033634,134,530,0.252830189
0.109109,1586,13230,0.119879063
0.103695,180,1032,0.174418605
0.209529,401,2237,0.179257935
0.088658,19,67,0.28358209
0.031798,0,1,0
0.016952,1,2,0.5
0.034684,2,6,0.333333333
0.098623,1,2,0.5
0.015084,1,2,0.5
0.040291,309,1238,0.249596123
0.062217,5,10,0.5
0.024084,10,38,0.263157895
0.127451,1,3,0.333333333
0.062177,0,1,0
0.085749,1448,9672,0.149710505
0.044151,5,27,0.185185185
0.117698,6,21,0.285714286
0.027735,126,603,0.208955224
0.089667,1,9,0.111111111
0.029931,0,1,0
0.017387,0,1,0
0.019627,0,2,0
0.01866,5,12,0.416666667
0.023313,24,127,0.188976378
0.091928,28,98,0.285714286
0.025924,21,73,0.287671233
0.112464,0,3,0
0.173422,1,1,1
0.0519,160,518,0.308880309
0.162623,6,51,0.117647059
0.021592,12,58,0.206896552
0.030124,1,3,0.333333333
0.015179,4,11,0.363636364
0.046078,12,46,0.260869565
0.088889,1,1,1
0.06785,4,11,0.363636364
0.117489,2,12,0.166666667
0.108266,2,4,0.5
0.135147,0,1,0
0.326599,31,219,0.141552511
0.06044,355,1171,0.303159693
0.030203,1,1,1
0.021082,11,46,0.239130435
0.019021,1,1,1
0.045268,542,2268,0.238977072
0.048912,9,28,0.321428571
0.069468,8,16,0.5
0.062486,3,7,0.428571429
0.041389,22,96,0.229166667
0.044329,0,2,0
0.033903,289,1565,0.184664537
0.203859,16,66,0.242424242
0.031039,0,1,0
0.0545,0,1,0
0.088453,1,1,1
0.017775,0,2,0
0.040996,695,4104,0.169346979
0.019952,0,1,0
0.09325,5510,43943,0.125389709
0.047206,73,247,0.295546559
0.0424,24,97,0.24742268
0.069561,4,18,0.222222222
0.065156,7,17,0.411764706
0.055375,0,2,0
0.148522,10,40,0.25
0.074883,12,40,0.3
0.034842,1,8,0.125
0.016529,1,3,0.333333333
0.201619,0,2,0
0.063758,16,103,0.155339806
0.133705,2,19,0.105263158
0.017314,0,1,0
0.139347,0,1,0
0.14072,0,2,0
0.044065,839,5682,0.147659275
0.017656,1,1,1
0.077075,19,73,0.260273973
0.029463,70,246,0.284552846
0.032233,1,1,1
0.033672,1,2,0.5
0.060833,0,1,0
0.03698,4,17,0.235294118
0.023002,32,121,0.26446281
0.030289,127,686,0.185131195
0.044766,2,16,0.125
0.222222,0,3,0
0.039223,386,2343,0.164746052
0.044023,367,1659,0.221217601
0.055258,186,741,0.251012146
0.119791,4,9,0.444444444
0.020567,1,6,0.166666667
0.061494,1,4,0.25
0.170389,406,1850,0.219459459
0.174574,13,52,0.25
0.127228,10,37,0.27027027
0.03383,2,3,0.666666667
0.021393,13,53,0.245283019
0.018673,1,4,0.25
0.016678,1,2,0.5
0.054366,0,4,0
0.055805,0,1,0
0.039261,6,22,0.272727273
0.031129,64,272,0.235294118
0.023636,31,151,0.205298013
0.153574,2,2,1
0.096169,1,4,0.25
0.098533,212,1089,0.194674013
0.01963,5,27,0.185185185
0.017541,8,24,0.333333333
0.019188,1,2,0.5
0.052105,0,1,0
0.207614,0,1,0
0.067677,6,16,0.375
0.017125,0,3,0
0.055141,0,1,0
0.031782,214,1227,0.174409128
0.082416,27,82,0.329268293
0.026038,56,308,0.181818182
0.074352,1,1,1
0.089109,1,2,0.5
0.056077,23,55,0.418181818
0.038069,425,2283,0.186158563
0.071816,6,25,0.24
0.214834,588,3323,0.17694854
0.078811,74,270,0.274074074
0.041274,0,1,0
0.67082,14,248,0.056451613
0.097231,1,4,0.25
0.014149,0,1,0
0.034763,0,5,0
0.021863,0,11,0
0.019492,0,1,0
0.125863,1,6,0.166666667
0.01996,1,15,0.066666667
0.0306,71,239,0.29707113
0.135457,0,2,0
0.060096,0,1,0
0.070244,0,1,0
0.031623,274,1384,0.197976879
0.031273,1,2,0.5
0.12006,7,10,0.7
0.019217,10,38,0.263157895
0.063088,459,1682,0.272889417
0.142314,7,32,0.21875
0.030206,59,242,0.243801653
0.083624,144,558,0.258064516
0.028571,124,713,0.173913043
0.016064,0,1,0
0.033591,0,4,0
0.144338,1775,16562,0.107173047
0.140642,303,1185,0.255696203
0.141421,7025,56618,0.124077149
0.021557,3,11,0.272727273
0.017582,2,6,0.333333333
0.026584,85,409,0.207823961
0.068323,0,1,0
0.322749,2,5,0.4
0.019375,2,3,0.666666667
0.067335,6,18,0.333333333
0.027907,37,126,0.293650794
0.064685,33,123,0.268292683
0.022333,14,73,0.191780822
0.018865,2,3,0.666666667
0.014178,0,1,0
0.121999,5,16,0.3125
0.066832,5,14,0.357142857
0.02863,192,859,0.223515716
0.037729,0,2,0
0.123797,0,2,0
0.023237,3,18,0.166666667
0.087482,2,3,0.666666667
0.050818,1,1,1
0.176777,1842,17978,0.10245856
0.027054,1,1,1
0.050315,1350,9764,0.138263007
0.163517,0,1,0
0.191785,28,110,0.254545455
0.027166,93,474,0.196202532
0.063404,395,1614,0.244733581
0.104865,0,8,0
0.181071,0,2,0
0.037769,0,4,0
0.117954,3,10,0.3
0.184289,186,1068,0.174157303
0.040423,247,1077,0.229340761
0.07763,0,1,0
0.046065,67,232,0.288793103
0.042524,0,1,0
0.015956,0,2,0
0.098773,1754,8140,0.215479115
0.559017,1,11,0.090909091
0.05547,1790,11822,0.151412621
0.061301,1,7,0.142857143
0.094412,1,6,0.166666667
0.101437,2,5,0.4
0.030517,1,1,1
0.037905,162,748,0.21657754
0.084785,0,4,0
0.016112,0,1,0
0.022305,25,99,0.252525253
0.226779,645,3534,0.182512733
0.090951,1,2,0.5
0.035898,105,550,0.190909091
0.080904,42,138,0.304347826
0.408248,186,2387,0.077922078
0.031923,0,1,0
0.060523,29,119,0.243697479
0.051848,795,4025,0.197515528
0.205196,4643,34375,0.135069091
0.025298,1,1,1
0.036948,4,10,0.4
0.030949,54,221,0.244343891
0.126323,4,11,0.363636364
0.1038,2,5,0.4
0.076822,11,35,0.314285714
0.066178,5,22,0.227272727
0.016845,0,1,0
0.023864,9,41,0.219512195
0.022727,3,15,0.2
0.013316,0,1,0
0.1875,21,90,0.233333333
0.105409,4994,36846,0.1355371
0.019668,2,20,0.1
0.20937,8,70,0.114285714
0.061559,1,2,0.5
0.020833,5,16,0.3125
0.100223,4,10,0.4
0.094809,1873,8310,0.225391095
0.062828,0,5,0
0.083333,1604,10518,0.152500475
0.022987,0,1,0
0.025516,15,46,0.326086957
0.124939,1,11,0.090909091
0.052342,1395,9135,0.15270936
0.057789,3,5,0.6
0.030773,71,283,0.250883392
0.102095,0,4,0
0.260378,0,4,0
0.0647,7,18,0.388888889
0.136223,151,572,0.263986014
0.019522,0,3,0
0.130466,4688,25974,0.18048818
0.111803,8685,70690,0.122860376
0.070186,59,189,0.312169312
0.088465,50,164,0.304878049
0.041239,260,1101,0.236148955
0.059628,357,1256,0.284235669
0.032835,1,3,0.333333333
0.095211,0,2,0
0.020477,8,40,0.2
0.101593,1,8,0.125
0.017664,1,5,0.2
0.534522,1,6,0.166666667
0.106,198,980,0.202040816
0.060858,2134,15198,0.140413212
0.033403,0,2,0
0.243975,0,1,0
0.102869,0,4,0
0.447214,1511,21407,0.070584388
0.03555,4,6,0.666666667
0.745356,1,1,1
0.06415,57,182,0.313186813
0.033014,0,2,0
0.112022,4,21,0.19047619
0.054919,0,1,0
0.105593,5,10,0.5
0.057639,19,68,0.279411765
0.107872,2,10,0.2
0.032991,0,1,0
0.099801,1,1,1
0.0795,1,1,1
0.020515,2,9,0.222222222
0.019687,1,15,0.066666667
0.047878,69,233,0.296137339
0.122885,5,18,0.277777778
0.197066,1,2,0.5
0.063372,26,117,0.222222222
0.134164,160,650,0.246153846
0.015119,0,1,0
0.16,5,32,0.15625
0.015875,0,2,0
0.0636,1,10,0.1
0.071247,24,117,0.205128205
0.074329,51,211,0.241706161
0.033172,0,3,0
0.025198,39,166,0.234939759
0.02199,10,54,0.185185185
0.050236,103,327,0.314984709
0.023783,7,28,0.25
0.01669,1,4,0.25
0.062351,1,8,0.125
0.019418,3,4,0.75
0.075569,1,1,1
0.015476,0,1,0
0.028808,144,721,0.199722607
0.094072,172,638,0.269592476
0.073922,50,252,0.198412698
0.02132,7,39,0.179487179
0.022272,7,20,0.35
0.017975,1,3,0.333333333
0.018939,3,6,0.5
0.10113,64,289,0.221453287
0.034026,0,1,0
0.025039,39,221,0.176470588
0.018952,19,43,0.441860465
0.121666,4,22,0.181818182
0.07705,0,1,0
0.237356,0,4,0
0.131991,1,1,1
0.043769,2,12,0.166666667
0.072369,1,1,1
0.029722,51,212,0.240566038
0.072787,807,3283,0.245811758
0.058891,0,3,0
0.019174,1,13,0.076923077
0.035202,0,1,0
0.136399,4896,28129,0.174055245
0.032552,1,3,0.333333333
0.060578,316,1128,0.280141844
0.030254,2,10,0.2
0.071673,0,2,0
0.02,1,23,0.043478261
0.086793,1,2,0.5
0.177471,1,2,0.5
0.019302,0,1,0
0.120913,0,1,0
0.066291,0,1,0
0.070535,48,183,0.262295082
0.059549,24,82,0.292682927
0.110516,0,6,0
0.098324,1,4,0.25
0.0261,17,58,0.293103448
0.218543,30,200,0.15
0.12257,2,4,0.5
0.034837,168,597,0.281407035
0.078146,1338,5428,0.246499632
0.246183,3,15,0.2
0.034149,1,1,1
0.024289,24,124,0.193548387
0.161296,21,66,0.318181818
0.031842,1,1,1
0.066519,39,134,0.291044776
0.02742,93,400,0.2325
0.056048,0,1,0
0.019574,3,10,0.3
0.073302,21,60,0.35
0.014163,0,1,0
0.421637,35,257,0.13618677
0.068002,605,2223,0.272154746
0.042786,28,80,0.35
0.107096,1,3,0.333333333
0.01786,1,3,0.333333333
0.029601,3,8,0.375
0.043696,40,178,0.224719101
0.294884,0,5,0
0.018844,3,8,0.375
0.044499,869,5839,0.148826854
0.055577,248,882,0.281179138
0.025734,62,288,0.215277778
0.020121,16,53,0.301886792
0.034421,135,538,0.250929368
0.150649,6,20,0.3
0.100279,98,315,0.311111111
0.021296,16,67,0.23880597
0.063729,1,1,1
0.031027,1,1,1
0.023736,30,162,0.185185185
0.022559,19,88,0.215909091
0.030824,1,1,1
0.13159,0,1,0
0.121157,7,12,0.583333333
0.095637,2,6,0.333333333
0.053357,269,826,0.32566586
0.122169,380,2022,0.18793274
0.122068,9,24,0.375
0.035082,1,9,0.111111111
0.037743,2,14,0.142857143
0.019811,0,1,0
0.024168,8,34,0.235294118
0.138426,15,45,0.333333333
0.042757,0,1,0
0.143223,3778,22063,0.171236912
0.022751,3,31,0.096774194
0.015796,0,1,0
0.03949,6,40,0.15
0.233126,0,2,0
0.09934,1,5,0.2
0.015915,1,1,1
0.032376,0,1,0
0.018303,2,5,0.4
0.031296,0,2,0
0.052076,166,546,0.304029304
0.027237,30,97,0.309278351
0.184637,25,119,0.210084034
0.168281,8,40,0.2
0.106714,1,3,0.333333333
0.031265,1,2,0.5
0.020349,6,28,0.214285714
0.01472,0,2,0
0.03089,68,277,0.245487365
0.034737,1,6,0.166666667
0.018932,5,17,0.294117647
0.017645,0,1,0
0.01765,0,2,0
0.350823,42,295,0.142372881
0.035383,6,21,0.285714286
0.071408,12,31,0.387096774
0.126773,185,755,0.245033113
0.020162,7,25,0.28
0.266667,17,123,0.138211382
0.027472,106,486,0.218106996
0.060733,2,4,0.5
0.08554,25,120,0.208333333
0.036736,2,8,0.25
0.247436,1,2,0.5
0.016655,0,1,0
0.037823,7,25,0.28
0.017501,1,3,0.333333333
0.022537,0,1,0
0.127343,178,861,0.206736353
0.043073,0,1,0
0.041748,24,69,0.347826087
0.036334,4,9,0.444444444
0.064625,1,11,0.090909091
0.053074,1890,12785,0.147829488
0.089331,1,2,0.5
0.032359,281,1283,0.219017927
0.062284,4,7,0.571428571
0.325396,293,2338,0.125320787
0.054554,728,3545,0.205359661
0.016485,0,2,0
0.049629,12,34,0.352941176
0.019672,1,1,1
0.07417,0,1,0
0.066098,5,19,0.263157895
0.042295,6,13,0.461538462
0.26968,3263,30796,0.105955319
0.042409,416,1586,0.262295082
0.096825,52,180,0.288888889
0.046072,1,1,1
0.09245,104,509,0.2043222
0.104973,0,6,0
0.068359,35,158,0.221518987
0.060181,3,7,0.428571429
0.099723,34,135,0.251851852
0.024282,2,21,0.095238095
0.036606,4,10,0.4
0.089009,0,4,0
0.060412,22,71,0.309859155
0.02387,31,126,0.246031746
0.167248,0,1,0
0.044281,911,5801,0.157041889
0.109545,84,369,0.227642276
0.016451,0,1,0
0.021054,4,18,0.222222222
0.015277,0,1,0
0.033567,2,3,0.666666667
0.053936,337,1123,0.300089047
0.041559,5,21,0.238095238
0.058026,13,41,0.317073171
0.436436,0,13,0
0.052778,12,28,0.428571429
0.095564,0,2,0
0.020203,4,29,0.137931034
0.085057,3,5,0.6
0.15,287,1334,0.215142429
0.088345,0,2,0
0.111417,71,402,0.176616915
0.054153,8,22,0.363636364
0.114208,152,507,0.299802761
0.115711,4,13,0.307692308
0.417029,3,10,0.3
0.058977,390,1292,0.301857585
0.071714,6,23,0.260869565
0.029282,0,1,0
0.100314,1,4,0.25
0.039253,2,2,1
0.035164,2,10,0.2
0.028973,0,1,0
0.031189,87,300,0.29
0.029864,0,1,0
0.056493,1,1,1
0.036126,2,7,0.285714286
0.020695,6,24,0.25
0.08165,3513,27986,0.125527049
0.03345,0,2,0
0.017667,0,2,0
0.015458,0,1,0
0.231869,0,1,0
0.053986,0,1,0
0.122988,161,660,0.243939394
0.040859,1,7,0.142857143
0.063036,3,3,1
0.014833,0,1,0
0.030261,82,258,0.317829457
0.107211,282,1351,0.208734271
0.061314,36,86,0.418604651
0.036761,533,2817,0.189208378
0.01838,3,12,0.25
0.024254,36,141,0.255319149
0.02967,48,259,0.185328185
0.020261,1,3,0.333333333
0.163908,499,2265,0.220309051
0.097849,59,213,0.276995305
0.017705,9,18,0.5
0.054188,1,2,0.5
0.059444,17,56,0.303571429
0.08528,1443,6522,0.22125115
0.041169,562,3673,0.15300844
0.018925,1,2,0.5
0.20498,3,4,0.75
0.16843,0,5,0
0.028284,147,644,0.22826087
0.033333,379,1607,0.235843186
0.10328,2334,11108,0.210118833
0.101361,1,4,0.25
0.080322,4086,34059,0.11996829
0.018334,3,5,0.6
0.152302,7,36,0.194444444
0.080257,0,1,0
0.06143,2730,18809,0.145143282
0.058321,12,49,0.244897959
0.057166,18,63,0.285714286
0.066227,1227,7097,0.172889954
0.071755,1,2,0.5
0.024434,36,166,0.21686747
0.01618,0,1,0
0.041082,13,43,0.302325581
0.020048,2,6,0.333333333
0.137361,293,1741,0.168294084
0.044588,2,2,1
0.064033,4,16,0.25
0.025063,10,41,0.243902439
0.049922,127,405,0.313580247
0.049622,0,1,0
0.178885,2944,20488,0.14369387
0.121806,1,1,1
0.039841,481,2657,0.181031238
0.073855,16,43,0.372093023
0.034427,0,2,0
0.025889,10,48,0.208333333
0.157622,1,1,1
0.091627,0,2,0
0.025692,43,260,0.165384615
0.017001,1,4,0.25
0.022502,30,164,0.182926829
0.060933,0,1,0
0.155543,15,51,0.294117647
0.031388,154,839,0.183551847
0.018007,2,5,0.4
0.11094,2474,12386,0.199741644
0.059643,2,5,0.4
0.124635,4,13,0.307692308
0.080524,1,2,0.5
0.050063,5,15,0.333333333
0.028958,0,1,0
0.197814,654,3445,0.189840348
0.140488,9,53,0.169811321
0.040202,31,118,0.262711864
0.056949,1,4,0.25
0.307794,541,3922,0.137939827
0.049266,800,3990,0.200501253
0.091077,41,132,0.310606061
0.208013,9,55,0.163636364
0.069421,647,2428,0.266474465
0.19803,1,5,0.2
0.139482,0,2,0
0.103264,3,14,0.214285714
0.098176,2440,11324,0.215471565
0.035749,0,9,0
0.181902,7,50,0.14
0.053225,5,19,0.263157895
0.071796,39,148,0.263513514
0.023596,4,21,0.19047619
0.077324,0,1,0
0.227429,0,3,0
0.045644,1462,8879,0.164658182
0.01718,0,1,0
0.097129,172,824,0.208737864
0.06396,3,7,0.428571429
0.196352,29,116,0.25
0.121046,0,3,0
0.020888,3,7,0.428571429
0.084382,1,1,1
0.063457,2,13,0.153846154
0.033482,172,574,0.299651568
0.08461,0,1,0
0.092057,118,617,0.191247974
0.099504,166,787,0.210927573
0.01705,1,3,0.333333333
0.025582,18,48,0.375
0.017857,1,4,0.25
0.057364,0,1,0
0.070515,10,30,0.333333333
0.061898,20,76,0.263157895
0.026958,27,122,0.221311475
0.056443,1,1,1
0.018683,0,7,0
0.073621,1,1,1
0.062124,1,1,1
0.180187,1,1,1
0.106904,2472,12724,0.194278529
0.175562,17,92,0.184782609
0.086874,1354,6191,0.218704571
0.043193,406,1836,0.221132898
0.202031,1,2,0.5
0.280056,1,7,0.142857143
0.020829,11,43,0.255813953
0.018092,0,5,0
0.029715,0,2,0
0.03352,241,1157,0.208297321
0.020195,2,3,0.666666667
0.031976,0,1,0
0.13525,14,52,0.269230769
0.036179,206,962,0.214137214
0.082323,0,2,0
0.059365,453,1483,0.305461902
0.15396,8,45,0.177777778
0.022097,7,34,0.205882353
0.137604,2,18,0.111111111
0.015145,0,1,0
0.028583,38,150,0.253333333
0.06704,394,1655,0.238066465
0.022184,4,13,0.307692308
0.096623,2,3,0.666666667
0.071837,1,1,1
0.105851,1,2,0.5
0.023689,0,1,0
0.200446,22,105,0.20952381
0.033558,110,440,0.25
0.189618,25,125,0.2
0.044173,44,128,0.34375
0.53033,7,124,0.056451613
0.061237,2,8,0.25
0.024427,18,46,0.391304348
0.261712,1,3,0.333333333
0.066034,0,1,0
0.246932,1,4,0.25
0.188144,0,1,0
0.135613,4,20,0.2
0.034816,317,1835,0.172752044
0.059409,1,4,0.25
0.050637,1418,9813,0.144502191
0.141737,17,49,0.346938776
0.178017,21,101,0.207920792
0.017342,1,2,0.5
0.038597,5,18,0.277777778
0.035834,5,7,0.714285714
0.566947,12,150,0.08
0.022222,27,96,0.28125
0.029004,0,1,0
0.044834,111,369,0.300813008
0.035921,315,1930,0.163212435
0.286039,598,4378,0.136592051
0.084705,1,1,1
0.070167,0,1,0
0.117192,4,12,0.333333333
0.02882,38,159,0.238993711
0.100791,1,11,0.090909091
0.016843,0,1,0
0.022195,19,82,0.231707317
0.02087,4,4,1
0.053283,0,1,0
0.033845,2,3,0.666666667
0.269408,40,246,0.162601626
0.042333,0,5,0
0.308607,2,12,0.166666667
0.082867,0,1,0
0.096573,46,153,0.300653595
0.037431,4,7,0.571428571
0.025094,10,44,0.227272727
0.082956,1,1,1
0.072884,1,1,1
0.044992,3,8,0.375
0.020447,1,10,0.1
0.022006,22,76,0.289473684
0.10171,66,281,0.234875445
0.019426,7,11,0.636363636
0.064327,2,19,0.105263158
0.066853,559,2067,0.270440252
0.043895,5,16,0.3125
0.130312,229,1030,0.222330097
0.013955,1,1,1
0.217186,0,4,0
0.056776,0,1,0
0.090815,1414,6047,0.233834959
0.059131,17,59,0.288135593
0.035328,1,4,0.25
0.017418,0,2,0
0.116445,3955,19874,0.199003723
0.018418,2,2,1
0.07303,600,2389,0.251151109
0.056344,2173,13870,0.15666907
0.118211,2,2,1
0.076847,2,2,1
0.034627,0,1,0
0.023518,2,29,0.068965517
0.092253,1927,8963,0.214994979
0.072976,8,29,0.275862069
0.109911,50,192,0.260416667
0.028398,197,815,0.241717791
0.02922,1,1,1
0.062869,25,87,0.287356322
0.024147,29,161,0.180124224
0.251976,1,4,0.25
0.028039,31,132,0.234848485
0.163984,18,53,0.339622642
0.107417,94,307,0.306188925
0.034275,5,13,0.384615385
0.052664,0,1,0
0.137505,8,46,0.173913043
0.033241,211,1281,0.164715066
0.02765,30,117,0.256410256
0.039186,12,49,0.244897959
0.286299,0,2,0
0.038984,1,3,0.333333333
0.211289,0,2,0
0.159,21,59,0.355932203
0.093205,2,4,0.5
0.023162,11,37,0.297297297
0.1676,0,1,0
0.032858,0,2,0
0.026822,90,425,0.211764706
0.035714,220,768,0.286458333
0.372678,0,2,0
0.067625,0,1,0
0.096225,1596,11895,0.134174023
0.016274,1,2,0.5
0.018455,0,1,0
0.056911,284,1025,0.277073171
0.036515,339,1869,0.181380417
0.268328,472,3190,0.147962382
0.049767,133,469,0.28358209
0.071919,14,48,0.291666667
0.039344,0,1,0
0.042108,279,1331,0.209616829
0.053644,197,725,0.271724138
0.025158,48,251,0.19123506
0.230633,0,2,0
0.01557,1,1,1
0.028868,218,986,0.221095335
0.090536,129,620,0.208064516
0.019858,0,2,0
0.030069,1,1,1
0.124035,6336,53600,0.118208955
0.134704,9,24,0.375
0.024769,39,200,0.195
0.022119,3,14,0.214285714
0.068199,3012,24327,0.123813047
0.020563,8,42,0.19047619
0.032444,245,1199,0.204336947
0.050833,11,34,0.323529412
0.100472,1,3,0.333333333
0.035991,151,553,0.273056058
0.015962,0,2,0
0.03338,2,6,0.333333333
0.01716,1,1,1
0.091406,2,7,0.285714286
0.019157,4,9,0.444444444
0.038405,0,4,0
0.177705,281,1520,0.184868421
0.132068,3,24,0.125
0.073127,51,207,0.246376812
0.047405,938,5827,0.160974773
0.121447,0,1,0
0.026612,22,78,0.282051282
0.081312,1018,4462,0.228148812
0.087538,1,3,0.333333333
0.105736,60,246,0.243902439
0.017767,1,5,0.2
0.106752,1,4,0.25
0.136083,379,2123,0.178520961
0.045691,3,9,0.333333333
0.055902,3277,20316,0.161301437
0.051813,141,477,0.295597484
0.074796,1042,4359,0.239045653
0.038173,10,26,0.384615385
0.141108,7,41,0.170731707
0.121988,0,2,0
0.026307,59,301,0.196013289
0.041213,19,80,0.2375
0.058277,0,2,0
0.20226,341,1818,0.187568757
0.034021,135,510,0.264705882
0.021597,6,31,0.193548387
0.060424,0,2,0
0.19696,25,158,0.158227848
0.10056,75,301,0.249169435
0.016096,0,1,0
0.243332,31,189,0.164021164
0.034199,258,1258,0.20508744
0.050078,125,419,0.298329356
0.032827,86,398,0.216080402
0.030168,1,3,0.333333333
0.023905,39,121,0.32231405
0.05341,0,1,0
0.060971,24,72,0.333333333
0.026352,79,427,0.18501171
0.033036,0,1,0
0.061085,1286,6725,0.191226766
0.019842,11,41,0.268292683
0.061199,20,76,0.263157895
0.024731,31,190,0.163157895
0.030032,0,1,0
0.019121,2,14,0.142857143
0.087149,23,74,0.310810811
0.151186,4522,26187,0.172681101
0.043519,398,1702,0.233842538
0.033976,0,2,0
0.052632,10,35,0.285714286
0.130814,3,17,0.176470588
0.018732,0,4,0
0.272798,46,242,0.190082645
0.038348,724,4190,0.172792363
0.070632,1,1,1
0.415227,1,5,0.2
0.019889,2,4,0.5
0.078193,0,1,0
0.021437,1,10,0.1
0.091168,1,3,0.333333333
0.027343,0,1,0
0.070129,11,30,0.366666667
0.069007,2476,18883,0.131123233
0.037582,183,782,0.234015345
0.085868,2,2,1
0.018078,0,15,0
0.030994,0,1,0
0.153393,3211,20417,0.157270902
0.034529,2,7,0.285714286
0.258199,4735,60126,0.078751289
0.074651,13,54,0.240740741
0.021344,13,49,0.265306122
0.037171,3,4,0.75
0.026679,113,441,0.256235828
0.015497,0,2,0
0.065779,25,59,0.423728814
0.111187,1,9,0.111111111
0.01729,2,12,0.166666667
0.031883,2,3,0.666666667
0.098924,3,6,0.5
0.147087,15,57,0.263157895
0.046004,97,311,0.311897106
0.0522,4,15,0.266666667
0.017903,3,9,0.333333333
0.042737,23,82,0.280487805
0.092376,0,2,0
0.019139,0,4,0
0.016044,0,1,0
0.064775,9,20,0.45
0.077267,939,4142,0.226702076
0.029019,1,1,1
0.021926,15,105,0.142857143
0.036226,0,2,0
0.044721,1221,7299,0.167283189
0.086459,1,5,0.2
0.068915,10,39,0.256410256
0.395285,1,9,0.111111111
0.070948,0,1,0
0.194029,6,39,0.153846154
0.059526,0,5,0
0.021537,7,19,0.368421053
0.088273,56,145,0.386206897
0.194257,2,4,0.5
0.866025,0,1,0
0.024845,80,307,0.260586319
0.313112,1,12,0.083333333
0.06864,1,2,0.5
0.092131,1,1,1
0.055048,1287,8748,0.147119342
0.016737,3,4,0.75
0.021148,5,11,0.454545455
0.125109,250,972,0.257201646
0.201008,2,8,0.25
0.051187,0,1,0
0.179284,398,1967,0.202338587
0.676123,13,163,0.079754601
0.028823,3,4,0.75
0.774597,0,13,0
0.021617,21,121,0.173553719
0.039148,8,17,0.470588235
0.033734,1,4,0.25
0.177123,9,38,0.236842105
0.279508,0,5,0
0.05145,0,1,0
0.017778,0,1,0
0.02037,11,40,0.275
0.015752,0,1,0
0.04897,5,19,0.263157895
0.087781,1,5,0.2
0.079472,27,75,0.36
0.037529,470,2639,0.178097764
0.046324,2,3,0.666666667
0.053995,7,31,0.225806452
0.029566,47,187,0.251336898
0.228748,34,207,0.164251208
0.013941,0,1,0
0.113228,284,1458,0.19478738
0.037477,180,758,0.237467018
0.020146,1,2,0.5
0.04207,672,4175,0.160958084
0.053606,888,4567,0.194438362
0.060984,5,9,0.555555556
0.016701,0,2,0
0.047946,1178,7843,0.150197628
0.079556,76,391,0.194373402
0.027267,80,444,0.18018018
0.138675,1670,15458,0.108034675
0.034711,288,1610,0.178881988
0.025118,57,227,0.251101322
0.045584,111,350,0.317142857
0.190347,2,3,0.666666667
0.113067,3,10,0.3
0.079167,1,1,1
0.055364,262,808,0.324257426
0.0812,21,51,0.411764706
0.071474,0,1,0
0.037203,0,9,0
0.051503,2,10,0.2
0.021693,16,70,0.228571429
0.038139,5,19,0.263157895
0.03405,1,5,0.2
0.032725,1,1,1
0.248069,2860,27876,0.102597216
0.02921,86,246,0.349593496
0.057496,285,1004,0.283864542
0.06,2,5,0.4
0.065528,0,1,0
0.088779,1,2,0.5
0.062994,1159,6359,0.182261362
0.029013,47,140,0.335714286
0.037864,6,13,0.461538462
0.170005,0,1,0
0.052164,136,499,0.27254509
0.046881,1133,8020,0.14127182
0.1066,2090,15865,0.131736527
0.020708,0,4,0
0.028943,5,7,0.714285714
0.060547,1,3,0.333333333
0.118958,8,28,0.285714286
0.07746,12,52,0.230769231
0.07144,0,1,0
0.179787,26,107,0.242990654
0.048622,23,92,0.25
0.034581,0,4,0
0.01992,2,18,0.111111111
0.020362,1,4,0.25
0.064475,4,26,0.153846154
0.1905,17,101,0.168316832
0.020943,15,46,0.326086957
0.174078,342,2460,0.13902439
0.086548,1,3,0.333333333
0.028793,1,1,1
0.068644,18,67,0.268656716
0.020434,4,17,0.235294118
0.136797,3,17,0.176470588
0.032769,0,1,0
0.019132,1,3,0.333333333
0.107694,5,15,0.333333333
0.042544,31,80,0.3875
0.029683,140,588,0.238095238
0.632456,65,1675,0.03880597
0.047351,11,37,0.297297297
0.39036,18,143,0.125874126
0.020294,1,7,0.142857143
0.081469,2,6,0.333333333
0.031944,346,1616,0.214108911
0.082261,36,103,0.349514563
0.048168,3,17,0.176470588
0.062691,1,4,0.25
0.030535,1,1,1
0.03288,252,1132,0.222614841
0.244339,0,2,0
0.020784,6,36,0.166666667
0.061047,0,3,0
0.036466,201,837,0.240143369
0.136004,5,11,0.454545455
0.037235,2,10,0.2
0.023287,5,22,0.227272727
0.045466,72,201,0.358208955
0.075391,0,1,0
0.0353,1,1,1
0.130558,7,15,0.466666667
0.05988,1,3,0.333333333
0.108866,2,6,0.333333333
0.057856,346,1258,0.275039746
0.028127,38,137,0.277372263
0.212132,566,3051,0.185512947
0.024876,12,54,0.222222222
0.013546,0,1,0
0.093505,3,4,0.75
0.043183,42,154,0.272727273
0.032046,0,2,0
0.047338,89,290,0.306896552
0.192897,30,126,0.238095238
0.015717,0,1,0
0.067166,32,108,0.296296296
0.023262,3,14,0.214285714
0.121716,2978,16358,0.182051596
0.191663,422,2239,0.188476999
0.057312,0,1,0
0.128432,4,12,0.333333333
0.097333,47,220,0.213636364
0.201262,44,172,0.255813953
0.155113,3,16,0.1875
0.079752,31,116,0.267241379
0.040324,521,3071,0.169651579
0.038999,7,17,0.411764706
0.023891,4,19,0.210526316
0.073721,1586,9952,0.159364952
0.105085,85,308,0.275974026
0.054944,268,893,0.300111982
0.048113,592,2757,0.214726152
0.202444,1,2,0.5
0.03371,468,2192,0.21350365
0.110727,1,4,0.25
0.022277,17,77,0.220779221
0.03331,1,4,0.25
0.056543,1,5,0.2
0.017262,0,1,0
0.038925,745,4035,0.184634449
0.057928,10,39,0.256410256
0.083771,925,4263,0.216983345
0.075593,3155,23754,0.132819736
0.018621,10,24,0.416666667
0.01994,3,12,0.25
0.128624,8,27,0.296296296
0.081349,14,66,0.212121212
0.036917,4,13,0.307692308
0.022893,6,20,0.3
0.018458,6,9,0.666666667
0.269191,0,2,0
0.054393,10,37,0.27027027
0.199007,0,1,0
0.161955,16,64,0.25
0.074307,14,69,0.202898551
0.064718,539,2060,0.261650485
0.039936,2,8,0.25
0.124568,143,542,0.263837638
0.57735,54,816,0.066176471
0.016632,0,1,0
0.023338,9,26,0.346153846
0.019642,3,7,0.428571429
0.0171,2,5,0.4
0.06506,422,1595,0.264576803
0.041257,15,60,0.25
0.032075,81,332,0.243975904
0.128765,3,11,0.272727273
0.025616,26,73,0.356164384
0.017568,7,21,0.333333333
0.034632,1,4,0.25
0.025384,12,47,0.255319149
0.037365,3,13,0.230769231
0.038104,7,24,0.291666667
0.118993,4,15,0.266666667
0.177998,6,27,0.222222222
0.096424,5,11,0.454545455
0.041568,33,106,0.311320755
0.022316,1,11,0.090909091
0.040365,16,35,0.457142857
0.132196,270,1166,0.231560892
0.064282,41,125,0.328
0.048381,0,1,0
0.115954,1,4,0.25
0.050572,3,5,0.6
0.030482,0,1,0
0.048154,149,460,0.323913043
0.046829,466,2050,0.227317073
0.112687,2809,14191,0.197942358
0.020345,1,4,0.25
0.02314,1,2,0.5
0.032026,157,779,0.201540436
0.108821,81,328,0.24695122
0.040689,383,1647,0.232544019
0.147043,3390,21616,0.156828275
0.596285,7,201,0.034825871
0.022588,18,92,0.195652174
0.063786,1,1,1
0.03849,478,3041,0.157185136
0.034401,255,1254,0.203349282
0.058521,899,4842,0.18566708
0.027576,124,569,0.217926186
0.099779,1,10,0.1
0.089166,2,6,0.333333333
0.017277,1,5,0.2
0.160817,22,96,0.229166667
0.036662,140,616,0.227272727
0.017062,1,3,0.333333333
0.075473,10,32,0.3125
0.057104,1,4,0.25
0.034752,199,596,0.333892617
0.047036,576,2520,0.228571429
0.037662,416,2556,0.162754304
0.034948,0,5,0
0.018966,9,27,0.333333333
0.071307,4,13,0.307692308
0.042305,32,100,0.32
0.072548,3242,24316,0.13332785
0.017609,2,8,0.25
0.021012,18,55,0.327272727
0.124334,7,21,0.333333333
0.050718,222,647,0.343122102
0.055095,0,3,0
0.217643,562,3141,0.17892391
0.071007,4,15,0.266666667
0.038561,3,9,0.333333333
0.022634,4,15,0.266666667
0.027077,36,115,0.313043478
0.06012,10,20,0.5
0.040406,14,30,0.466666667
0.090045,34,128,0.265625
0.05747,2,3,0.666666667
0.10302,1,4,0.25
0.043284,46,148,0.310810811
0.037463,7,22,0.318181818
0.026841,24,109,0.220183486
0.3,278,1871,0.148583645
0.110581,4,15,0.266666667
0.01827,1,2,0.5
0.071267,0,2,0
0.018738,0,3,0
0.036322,0,1,0
0.245718,5,65,0.076923077
0.086315,1,5,0.2
0.119051,127,570,0.222807018
0.044368,468,2149,0.21777571
0.097445,1,2,0.5
0.014359,1,2,0.5
0.083853,23,77,0.298701299
0.172774,2,3,0.666666667
0.052422,0,1,0
0.018019,2,12,0.166666667
0.019881,2,17,0.117647059
0.057628,0,2,0
0.133103,6,29,0.206896552
0.042117,38,102,0.37254902
0.039467,1,5,0.2
0.232495,0,7,0
0.143019,307,1276,0.240595611
0.188562,23,83,0.277108434
0.045703,105,344,0.305232558
0.032225,0,1,0
0.06215,1,7,0.142857143
0.03572,2,7,0.285714286
0.033879,0,2,0
0.062378,34,104,0.326923077
0.015617,0,1,0
0.080036,17,55,0.309090909
0.021739,1,8,0.125
0.044811,2,13,0.153846154
0.04625,66,216,0.305555556
0.049014,89,305,0.291803279
0.098653,1,3,0.333333333
0.106336,1,3,0.333333333
0.059868,26,98,0.265306122
0.052486,11,40,0.275
0.059339,1469,8026,0.183030152
0.022675,21,111,0.189189189
0.020989,13,59,0.220338983
0.034325,2,4,0.5
0.040447,15,38,0.394736842
0.077254,0,1,0
0.158114,9458,86181,0.109745768
0.017316,0,6,0
0.13901,0,1,0
0.107972,1,12,0.083333333
0.212238,1,2,0.5
0.048071,0,1,0
0.053033,0,1,0
0.1575,9,35,0.257142857
0.03992,5,22,0.227272727
0.142214,280,1156,0.242214533
0.032108,193,830,0.23253012
0.078406,1,3,0.333333333
0.029666,0,2,0
0.034986,0,1,0
0.058058,1,3,0.333333333
0.076447,26,48,0.541666667
0.061754,2,7,0.285714286
0.059105,243,837,0.290322581
0.086772,1,1,1
0.018858,1,2,0.5
0.047458,625,2955,0.211505922
0.112509,398,1823,0.218321448
0.311086,0,1,0
0.114755,5,11,0.454545455
0.023769,47,196,0.239795918
0.102767,2,7,0.285714286
0.086031,1,2,0.5
0.04714,857,5390,0.158998145
0.020779,5,11,0.454545455
0.050899,10,36,0.277777778
0.035533,169,684,0.247076023
0.014494,1,1,1
0.019353,2,13,0.153846154
0.11713,3,13,0.230769231
0.073019,0,1,0
0.075165,69,277,0.249097473
0.136364,8,25,0.32
0.298142,1688,18936,0.089142374
0.033758,2,6,0.333333333
0.029569,2,5,0.4
0.114708,2278,17519,0.130030253
0.059655,17,56,0.303571429
0.062419,3,10,0.3
0.04138,305,1216,0.250822368
0.02178,5,16,0.3125
0.048941,70,250,0.28
0.020455,7,25,0.28
0.152499,507,3113,0.162865403
0.101666,0,2,0
0.072127,11,32,0.34375
0.026279,21,79,0.265822785
0.077152,1196,7880,0.15177665
0.033041,65,294,0.221088435
0.026082,41,261,0.157088123
0.124141,7,30,0.233333333
0.030806,0,1,0
0.362738,3,3,1
0.015702,0,1,0
0.079057,6029,46429,0.129854186
0.054738,201,747,0.269076305
0.091766,2339,10478,0.223229624
0.063285,0,1,0
0.076923,60,218,0.275229358
0.160644,5315,35008,0.151822441
0.02002,4,21,0.19047619
0.387298,163,1652,0.098668281
0.022406,3,12,0.25
0.058099,267,955,0.279581152
0.048002,4,13,0.307692308
0.048436,44,173,0.25433526
0.023363,11,28,0.392857143
0.056888,6,36,0.166666667
0.020224,11,36,0.305555556
0.120096,8,16,0.5
0.018209,1,8,0.125
0.256495,0,2,0
0.034075,3,4,0.75
0.224733,0,5,0
0.036274,560,3043,0.184028919
0.065233,2756,21605,0.127563064
0.078246,18,77,0.233766234
0.028645,0,2,0
0.29277,224,2083,0.107537206
0.031485,0,1,0
0.019035,3,8,0.375
0.071027,0,1,0
0.024112,50,258,0.19379845
0.021874,28,109,0.256880734
0.46188,21,264,0.079545455
0.082572,19,73,0.260273973
0.014784,2,7,0.285714286
0.024938,11,62,0.177419355
0.015939,1,1,1
0.104542,0,3,0
0.086747,0,3,0
0.030015,136,706,0.192634561
0.023973,35,182,0.192307692
0.090443,0,1,0
0.017846,1,4,0.25
0.062348,0,1,0
0.016676,0,1,0
0.024544,52,199,0.261306533
0.053116,0,1,0
0.033473,1,1,1
0.029424,252,955,0.263874346
0.052796,170,659,0.257966616
0.033082,0,2,0
0.013799,0,1,0
0.022733,26,100,0.26
0.036668,1,7,0.142857143
0.019718,0,2,0
0.072442,5,22,0.227272727
0.063888,1964,13540,0.145051699
0.045382,0,1,0
0.079682,836,3509,0.238244514
0.089893,1471,6510,0.225960061
0.021979,27,108,0.25
0.039043,338,1342,0.251862891
0.103108,0,5,0
0.018004,1,3,0.333333333
0.090121,1,1,1
0.058666,1,10,0.1
0.183254,38,156,0.243589744
0.068465,19,56,0.339285714
0.017891,3,4,0.75
0.034565,0,2,0
0.15162,0,6,0
0.04489,63,218,0.288990826
0.075117,8,46,0.173913043
0.056121,279,1014,0.275147929
0.045004,82,204,0.401960784
0.018197,3,9,0.333333333
0.020607,6,28,0.214285714
0.151729,15,52,0.288461538
0.081051,28,89,0.314606742
0.015901,0,3,0
0.181631,11,45,0.244444444
0.031311,280,1289,0.217222653
0.031024,0,1,0
0.158735,16,56,0.285714286
0.033787,155,610,0.254098361
0.027524,139,604,0.23013245
0.019346,3,17,0.176470588
0.101929,2396,11637,0.20589499
0.014072,0,1,0
0.028601,1,1,1
0.062167,406,1488,0.272849462
0.030486,73,286,0.255244755
0.261116,24,148,0.162162162
0.371391,1,5,0.2
0.028083,40,182,0.21978022
0.07873,0,1,0
0.169791,17,61,0.278688525
0.438529,1,8,0.125
0.069673,50,162,0.308641975
0.047565,5,22,0.227272727
0.029948,211,962,0.219334719
0.206559,30,137,0.218978102
0.020998,2,16,0.125
0.040283,17,51,0.333333333
0.044012,131,373,0.351206434
0.036823,2,12,0.166666667
0.059895,331,1306,0.253445636
0.165295,0,1,0
0.045823,53,184,0.288043478
0.138842,4,21,0.19047619
0.142857,362,1968,0.183943089
0.014464,3,3,1
0.038669,12,28,0.428571429
0.019826,2,4,0.5
0.084017,89,260,0.342307692
0.017188,1,3,0.333333333
0.017376,1,2,0.5
0.044194,527,2284,0.230735552
0.034606,297,1475,0.201355932
0.324443,0,9,0
0.151523,11,44,0.25
0.024693,67,263,0.254752852
0.080978,1123,4732,0.237320372
0.114992,3,8,0.375
0.022059,13,51,0.254901961
0.143592,1,1,1
0.426401,1,6,0.166666667
0.036442,0,10,0
0.03241,67,286,0.234265734
0.05007,0,1,0
0.104506,1,2,0.5
0.076323,6,26,0.230769231
0.078784,16,47,0.340425532
0.035267,155,612,0.253267974
0.033942,113,471,0.239915074
0.175412,3646,23959,0.152176635
0.018831,1,12,0.083333333
0.020961,6,14,0.428571429
0.12792,218,888,0.245495495
0.018634,5,28,0.178571429
0.027141,0,1,0
0.119239,0,1,0
0.022294,7,27,0.259259259
0.018396,0,4,0
0.037139,344,1816,0.189427313
0.090867,37,172,0.215116279
0.0219,24,102,0.235294118
0.114053,2,6,0.333333333
0.030514,1,3,0.333333333
0.027864,24,82,0.292682927
0.042164,31,107,0.289719626
0.02434,11,56,0.196428571
0.021105,17,68,0.25
0.0341,417,2014,0.207050645
0.040953,22,60,0.366666667
0.01715,4,9,0.444444444
0.047075,67,218,0.30733945
0.023946,9,31,0.290322581
0.017264,0,1,0
0.031564,0,1,0
0.054636,1604,10904,0.147101981
0.064253,3,5,0.6
0.052559,8,24,0.333333333
0.016407,0,1,0
0.045361,2,23,0.086956522
0.024969,6,50,0.12
0.113389,117,428,0.273364486
0.04264,685,4286,0.159822678
0.037268,581,3177,0.182876928
0.019104,3,12,0.25
0.038376,0,1,0
0.050157,119,343,0.346938776
0.015831,0,1,0
0.031722,0,1,0
0.137649,420,1685,0.24925816
0.050125,11,25,0.44
0.020602,1,2,0.5
0.164399,377,2486,0.151649236
0.027511,0,1,0
0.073411,6,28,0.214285714
0.086893,1,4,0.25
0.146385,152,657,0.231354642
0.167705,321,1689,0.190053286
0.068111,5,16,0.3125
0.042983,38,119,0.319327731
0.052623,1,3,0.333333333
0.041658,18,70,0.257142857
0.036244,5,10,0.5
0.016644,2,4,0.5
0.045118,45,153,0.294117647
0.107288,1,3,0.333333333
0.017112,0,1,0
0.02062,0,3,0
0.017528,1,11,0.090909091
0.172133,3806,24104,0.157899104
0.027682,108,623,0.173354735
0.04222,4,8,0.5
0.053741,267,737,0.362279512
0.018288,1,5,0.2
0.043644,733,4518,0.162239929
0.035466,260,1515,0.171617162
0.016222,0,2,0
0.027485,0,1,0
0.070711,4031,29734,0.135568709
0.100844,59,232,0.254310345
0.145693,18,60,0.3
0.026919,134,624,0.21474359
0.164646,9,72,0.125
0.017536,0,1,0
0.252982,46,228,0.201754386
0.050702,4,9,0.444444444
0.11873,6,12,0.5
0.032427,0,2,0
0.035191,1,7,0.142857143
0.05358,2,6,0.333333333
0.059702,3,5,0.6
0.057052,1,2,0.5
0.04828,2,12,0.166666667
0.225374,24,126,0.19047619
0.099177,66,205,0.32195122
0.065938,2618,18587,0.140851133
0.084327,0,1,0
0.278543,17,145,0.117241379
0.0265,33,94,0.35106383
0.014899,0,1,0
0.13403,0,1,0
0.375,18,193,0.093264249
0.099449,47,181,0.259668508
0.296174,1,3,0.333333333
0.143674,5,27,0.185185185
0.026398,77,317,0.242902208
0.020113,1,2,0.5
0.102062,1970,13901,0.141716423
0.400892,39,310,0.125806452
0.109888,2,4,0.5
0.019612,5,19,0.263157895
0.079493,0,2,0
0.032573,2,2,1
0.026463,20,63,0.317460317
0.34641,405,3583,0.113033771
0.067116,38,147,0.258503401
0.047782,5,40,0.125
0.123091,296,1544,0.191709845
0.106735,113,431,0.262180974
0.285714,0,5,0
0.032813,0,2,0
0.122474,125,509,0.245579568
0.075713,30,87,0.344827586
0.4,1026,13146,0.078046554
0.039723,13,42,0.30952381
0.031009,326,1436,0.227019499
0.039163,247,1114,0.221723519
0.067763,12,20,0.6
0.01843,2,7,0.285714286
0.04131,0,1,0
0.064382,433,1546,0.28007762
0.124515,0,3,0
0.279372,35,182,0.192307692
0.0532,0,1,0
0.067082,4,13,0.307692308
0.043685,470,2162,0.217391304
0.022646,19,89,0.213483146
0.088235,0,5,0
0.195366,0,1,0
0.023113,31,59,0.525423729
0.016021,0,1,0
0.069749,5,15,0.333333333
0.046984,6,19,0.315789474
0.024907,8,33,0.242424242
0.023939,52,207,0.251207729
0.066482,440,1559,0.2822322
0.241121,2,4,0.5
0.07408,7,37,0.189189189
0.034669,159,553,0.287522604
0.015671,0,1,0
0.139122,148,719,0.205841446
0.097706,0,1,0
0.081832,0,2,0
0.016431,0,1,0
0.050351,1,1,1
0.110432,233,1192,0.195469799
0.091499,56,202,0.277227723
0.063671,4,9,0.444444444
0.028228,137,648,0.211419753
0.16265,0,2,0
0.08465,2,15,0.133333333
0.048868,102,372,0.274193548
0.076029,64,225,0.284444444
0.017972,1,1,1
0.098639,55,181,0.303867403
0.110282,63,248,0.254032258
0.349215,2,9,0.222222222
0.058387,0,2,0
0.04969,1075,6886,0.156113854
0.048365,90,306,0.294117647
0.086468,1594,7212,0.221020521
0.034179,123,542,0.226937269
0.04439,48,137,0.350364964
0.014649,0,1,0
0.019726,0,11,0
0.020874,18,49,0.367346939
0.02214,23,108,0.212962963
0.020815,3,16,0.1875
0.038519,0,1,0
0.021969,1,12,0.083333333
0.02849,55,208,0.264423077
0.09848,5,13,0.384615385
0.025,47,267,0.176029963
0.038815,8,26,0.307692308
0.023544,12,42,0.285714286
0.173553,1,3,0.333333333
0.030751,0,2,0
0.021398,1,6,0.166666667
0.040962,329,1396,0.235673352
0.059351,1,5,0.2
0.145521,163,762,0.213910761
0.032898,120,483,0.248447205
0.021378,1,5,0.2
0.092748,2022,9457,0.213809876
0.073771,712,2805,0.253832442
0.113137,0,5,0
0.084684,34,123,0.276422764
0.019764,0,19,0
0.016784,0,3,0
0.053548,227,727,0.312242091
0.035273,3,6,0.5
0.128154,7,30,0.233333333
0.01865,3,9,0.333333333
0.079612,34,120,0.283333333
0.034789,1,6,0.166666667
0.087287,1168,5140,0.227237354
0.016609,0,2,0
0.056523,19,76,0.25
0.021359,3,13,0.230769231
0.056745,1,2,0.5
0.08667,1,1,1
0.086784,39,147,0.265306122
0.065859,16,47,0.340425532
0.084248,0,1,0
0.031373,76,304,0.25
0.051048,138,445,0.31011236
0.039406,243,956,0.2541841
0.028689,101,478,0.211297071
0.035852,1,1,1
0.088542,1,5,0.2
0.133498,72,321,0.224299065
0.021848,18,63,0.285714286
0.030831,85,358,0.237430168
0.040456,1,2,0.5
0.036576,1,2,0.5
0.056195,2,5,0.4
0.478091,35,337,0.103857567
0.093567,3,6,0.5
0.263523,1,5,0.2
0.084348,13,53,0.245283019
0.079195,22,74,0.297297297
0.038742,17,47,0.361702128
0.104006,6,14,0.428571429
0.017817,1,3,0.333333333
0.128037,358,1780,0.201123596
0.041959,278,1286,0.216174184
0.083984,2,3,0.666666667
0.184506,31,106,0.29245283
0.021517,27,107,0.252336449
0.017366,0,1,0
0.237023,0,2,0
0.128103,9,29,0.310344828
0.040614,13,41,0.317073171
0.074628,0,1,0
0.11847,2695,14321,0.188185183
0.022113,12,69,0.173913043
0.049614,118,360,0.327777778
0.099228,2,6,0.333333333
0.019803,17,58,0.293103448
0.074125,45,216,0.208333333
0.021492,14,62,0.225806452
0.023473,87,327,0.266055046
0.108253,0,3,0
0.014801,0,5,0
0.039103,3,14,0.214285714
0.023389,7,23,0.304347826
0.027789,100,505,0.198019802
0.036364,1,8,0.125
0.032275,382,1633,0.233925291
0.046575,3,7,0.428571429
0.082107,40,125,0.32
0.086711,75,345,0.217391304
0.023538,33,134,0.246268657
0.131306,447,2324,0.192340792
0.129914,3,13,0.230769231
0.024325,39,170,0.229411765
0.0373,3,14,0.214285714
0.040064,0,2,0
0.106149,3385,17548,0.192899476
0.015153,1,4,0.25
0.17178,299,1501,0.199200533
0.060486,2,8,0.25
0.042211,19,67,0.28358209
0.174371,18,115,0.156521739
0.038236,176,791,0.222503161
0.0553,18,44,0.409090909
0.031497,111,346,0.320809249
0.052583,0,3,0
0.021719,17,74,0.22972973
0.05,1926,11886,0.162039374
0.088697,1,2,0.5
0.166091,3804,26788,0.142003882
0.02519,9,32,0.28125
0.020897,13,35,0.371428571
0.103819,126,410,0.307317073
0.083045,4049,32934,0.122942855
0.056682,290,929,0.312163617
0.028384,1,2,0.5
0.070033,17,48,0.354166667
0.111494,4,9,0.444444444
0.028456,112,556,0.201438849
0.040622,2,8,0.25
0.034922,462,2475,0.186666667
0.155794,0,1,0
0.170996,1,1,1
0.047741,48,176,0.272727273
0.058222,1938,13536,0.143173759
0.054133,301,965,0.311917098
0.017514,0,11,0
0.154713,25,106,0.235849057
0.024008,36,159,0.226415094
0.06576,453,1683,0.26916221
0.035355,470,2478,0.189669088
0.19245,453,2978,0.152115514
0.070933,789,3102,0.254352031
0.025031,13,50,0.26
0.018519,0,2,0
0.253546,284,1698,0.167255595
0.291111,2,7,0.285714286
0.113822,4,9,0.444444444
0.018544,2,2,1
0.130931,147,653,0.225114855
0.017946,2,3,0.666666667
0.079305,71,368,0.192934783
0.112588,106,370,0.286486486
0.12088,3,15,0.2
0.108665,2,5,0.4
0.041345,619,3849,0.160820992
0.020391,4,23,0.173913043
0.016922,0,1,0
0.018481,1,1,1
0.110657,98,364,0.269230769
0.017355,0,1,0
0.040927,1,8,0.125
0.016884,0,1,0
0.025416,12,47,0.255319149
0.019795,1,3,0.333333333
0.120605,3870,20882,0.185327076
0.306186,35,203,0.172413793
0.016961,0,1,0
0.030185,0,1,0
0.109181,106,401,0.264339152
0.088852,32,88,0.363636364
0.023702,47,201,0.233830846
0.168763,25,140,0.178571429
0.072739,56,198,0.282828283
0.298807,0,4,0
0.068041,1288,7667,0.167992696
0.019007,0,1,0
0.119713,3,13,0.230769231
0.102262,1,3,0.333333333
0.220193,31,151,0.205298013
0.029161,46,134,0.343283582
0.046499,48,143,0.335664336
0.033638,0,5,0
0.055385,7,43,0.162790698
0.113796,147,662,0.222054381
0.028964,36,162,0.222222222
0.163663,14,39,0.358974359
0.088302,1,2,0.5
0.108112,98,387,0.253229974
0.049938,6,25,0.24
0.220863,1,2,0.5
0.042601,2,6,0.333333333
0.027331,1,1,1
0.053537,0,2,0
0.015385,0,1,0
0.049207,4,14,0.285714286
0.032902,0,3,0
0.035624,147,626,0.234824281
0.020265,6,21,0.285714286
0.029111,222,970,0.228865979
0.100157,3,7,0.428571429
0.157243,15,66,0.227272727
0.095588,15,81,0.185185185
0.016211,1,1,1
0.089443,3605,26781,0.134610358
0.075858,0,3,0
0.219971,0,1,0
0.02965,5,7,0.714285714
0.25049,43,201,0.213930348
0.076696,2884,19877,0.145092318
0.084182,49,165,0.296969697
0.09066,48,168,0.285714286
0.058421,12,38,0.315789474
0.046778,15,37,0.405405405
0.452267,25,174,0.143678161
0.037496,4,20,0.2
0.07151,5,18,0.277777778
0.058722,1950,14074,0.138553361
0.046225,347,1762,0.196935301
0.049507,529,2645,0.2
0.060796,1,5,0.2
0.172935,15,52,0.288461538
0.083722,0,2,0
0.105021,4,11,0.363636364
0.068853,0,1,0
0.037107,5,27,0.185185185
0.070491,520,2132,0.243902439
0.023137,6,21,0.285714286
0.162221,499,3119,0.159987175
0.145865,534,2862,0.186582809
0.080992,0,3,0
0.062776,480,1585,0.302839117
0.167132,0,1,0
0.062554,6,9,0.666666667
0.018443,1,6,0.166666667
0.021129,12,58,0.206896552
0.042954,3,12,0.25
0.030447,1,2,0.5
0.272166,1,8,0.125
0.017075,1,6,0.166666667
0.031446,0,1,0
0.054718,6,34,0.176470588
0.146549,4,23,0.173913043
0.018054,3,4,0.75
0.103626,0,3,0
0.042679,2,6,0.333333333
0.114374,5,14,0.357142857
0.149592,15,49,0.306122449
0.069655,5,23,0.217391304
0.093026,44,179,0.245810056
0.226455,2,7,0.285714286
0.051131,110,383,0.287206266
0.049029,752,3448,0.218097448
0.016287,0,1,0
0.108148,0,1,0
0.082426,0,2,0
0.024001,11,37,0.297297297
0.024663,7,35,0.2
0.066915,4,23,0.173913043
0.186501,4985,35420,0.140739695
0.40452,348,2713,0.128271286
0.081923,87,333,0.261261261
0.057156,0,1,0
0.019537,3,16,0.1875
0.049462,97,353,0.274787535
0.074536,4918,36752,0.133815847
0.033059,189,972,0.194444444
0.092362,68,246,0.276422764
0.028537,39,163,0.239263804
0.059821,3,8,0.375
0.021796,18,88,0.204545455
0.020032,1,2,0.5
0.174667,593,2876,0.206189152
0.017937,0,2,0
0.048795,1732,10800,0.16037037
0.024807,57,234,0.243589744
0.263117,602,3764,0.159936238
0.042448,681,4451,0.152999326
0.147442,480,2824,0.169971671
0.01708,1,1,1
0.027896,156,624,0.25
0.04354,30,108,0.277777778
0.081061,0,1,0
0.083406,1468,6410,0.229017161
0.088388,2172,14474,0.15006218
0.020412,10,45,0.222222222
0.089048,66,232,0.284482759
0.063443,1,1,1
0.048295,74,263,0.281368821
0.039684,545,3471,0.157015269
0.345033,0,2,0
0.022451,13,49,0.265306122
0.127128,2,9,0.222222222
0.159223,433,2076,0.208574181
0.040096,1,4,0.25
0.132686,1,1,1
0.050556,141,434,0.324884793
0.03637,165,722,0.228531856
0.021637,5,14,0.357142857
0.036484,0,2,0
0.067003,0,1,0
0.116642,0,1,0
0.024077,38,200,0.19
0.033544,1,7,0.142857143
0.122284,2,12,0.166666667
0.06868,1148,7257,0.15819209
0.027563,1,1,1
0.122398,0,3,0
0.021243,2,9,0.222222222
0.074906,3,6,0.5
0.164845,0,1,0
0.039111,12,46,0.260869565
0.018798,3,11,0.272727273
0.015992,1,1,1
0.043153,2,11,0.181818182
0.016795,0,2,0
0.151911,307,1507,0.203715992
0.302372,66,324,0.203703704
0.026171,102,457,0.223194748
0.118125,119,457,0.260393873
0.061288,1,1,1
0.029781,0,1,0
0.037596,3,14,0.214285714
0.023918,12,42,0.285714286
0.024603,7,22,0.318181818
0.021953,22,84,0.261904762
0.12315,6,17,0.352941176
0.031435,78,297,0.262626263
0.023803,102,311,0.327974277
0.029514,43,193,0.222797927
0.037075,0,7,0
0.422577,0,4,0
0.026726,94,456,0.206140351
0.073967,10,25,0.4
0.079333,14,58,0.24137931
0.024485,14,61,0.229508197
0.0541,1,2,0.5
0.160357,360,1856,0.193965517
0.156386,15,49,0.306122449
0.062746,22,106,0.20754717
0.039778,281,1294,0.217156105
0.016233,1,3,0.333333333
0.048564,547,2560,0.213671875
0.056011,531,1650,0.321818182
0.014825,1,1,1
0.0548,23,52,0.442307692
0.265372,2,4,0.5
0.049386,925,5967,0.155019273
0.088083,36,121,0.297520661
0.051778,3,9,0.333333333
0.244949,541,3438,0.15735893
0.03315,235,1118,0.21019678
0.03125,109,404,0.26980198
0.045525,37,130,0.284615385
0.115045,151,549,0.275045537
0.042875,458,2074,0.220829315
0.021948,4,20,0.2
0.017747,0,2,0
0.456435,3,9,0.333333333
0.042258,1276,6903,0.184847168
0.047727,5,17,0.294117647
0.037878,0,1,0
0.043811,0,2,0
0.19104,0,2,0
0.078522,1,1,1
0.306786,69,344,0.200581395
0.022774,7,31,0.225806452
0.074444,0,2,0
0.516398,576,9478,0.060772315
0.017303,2,9,0.222222222
0.025777,67,332,0.201807229
0.022383,6,16,0.375
0.021058,7,33,0.212121212
0.063844,0,1,0
0.019733,0,3,0
0.098907,56,235,0.238297872
0.108069,2,4,0.5
0.043033,1176,6868,0.171228888
0.036588,0,4,0
0.023212,5,14,0.357142857
0.054456,1,5,0.2
0.016158,0,2,0
0.061028,1,1,1
0.017162,5,13,0.384615385
0.226134,23,114,0.201754386
0.20795,26,176,0.147727273
0.139272,6,21,0.285714286
0.099844,2,5,0.4
0.024784,33,111,0.297297297
0.094544,1,2,0.5
0.294174,43,252,0.170634921
0.127827,0,1,0
0.031427,1,3,0.333333333
0.051031,804,3902,0.20604818
0.019499,1,11,0.090909091
0.11243,2,11,0.181818182
0.018167,0,9,0
0.13838,347,1616,0.214727723
0.054841,202,619,0.326332795
0.076416,984,4137,0.237853517
0.035806,523,3070,0.170358306
0.029827,66,279,0.23655914
0.088238,0,2,0
0.082824,1,2,0.5
0.018993,26,46,0.565217391
0.180334,0,10,0
0.020016,1,8,0.125
0.025751,16,74,0.216216216
0.204124,1471,14853,0.099037232
0.093377,0,1,0
0.111035,115,488,0.235655738
0.051299,2621,15781,0.166085799
0.023676,8,49,0.163265306
0.037113,0,2,0
0.206041,9,63,0.142857143
0.239046,2905,26417,0.109967067
0.061624,4,11,0.363636364
0.023281,18,77,0.233766234
0.148047,4,31,0.129032258
0.080582,88,338,0.26035503
0.105963,6,14,0.428571429
0.080241,0,1,0
0.016788,1,1,1
0.05726,1860,13040,0.142638037
0.046424,566,2422,0.233691164
0.022011,8,21,0.380952381
0.094632,35,152,0.230263158
0.019905,0,1,0
0.057977,254,937,0.271077908
0.102463,0,1,0
0.022617,19,88,0.215909091
0.089245,38,158,0.240506329
0.043592,32,98,0.326530612
0.104828,284,1218,0.23316913
0.051571,747,3796,0.196786091
0.02176,5,16,0.3125
0.110096,1895,9937,0.190701419
0.01349,0,1,0
0.022228,4,8,0.5
0.112243,1,8,0.125
0.029814,151,793,0.190416141
0.025222,12,43,0.279069767
0.123299,2,5,0.4
0.240966,653,4136,0.157882012
0.019069,3,11,0.272727273
0.054882,885,4556,0.194249342
0.262613,0,4,0
0.095059,2,5,0.4
0.239732,0,4,0
0.019657,0,3,0
0.060671,0,3,0
0.072654,6,30,0.2
0.046932,1,17,0.058823529
0.145479,1,3,0.333333333
0.064135,0,1,0
0.053168,231,787,0.293519695
0.031466,215,899,0.239154616
0.085126,112,483,0.231884058
0.035007,201,767,0.262059974
0.234888,34,198,0.171717172
0.066965,46,172,0.26744186
0.091526,1,3,0.333333333
0.069843,2750,19159,0.143535675
0.045083,493,2098,0.234985701
0.051988,1175,7664,0.153314196
0.093386,1,2,0.5
0.04074,7,28,0.25
0.09794,2,3,0.666666667
0.01849,5,16,0.3125
0.053623,0,3,0
0.01898,5,10,0.5
0.057522,1,1,1
0.176261,16,105,0.152380952
0.018319,0,5,0
0.255377,0,2,0
0.043937,1,3,0.333333333
0.076348,0,1,0
0.171341,7,40,0.175
0.017832,0,3,0
0.014681,1,1,1
0.021801,3,12,0.25
0.051726,198,632,0.313291139
0.209427,1,1,1
0.071554,0,1,0
0.050395,119,413,0.288135593
0.020541,25,75,0.333333333
0.070908,7,32,0.21875
0.029696,0,1,0
0.062759,1,6,0.166666667
0.163956,1,1,1
0.037037,0,3,0
0.039801,18,50,0.36
0.073084,8,23,0.347826087
0.035777,1,7,0.142857143
0.088823,0,4,0
0.094868,50,216,0.231481481
0.018586,1,2,0.5
0.358057,1,11,0.090909091
0.066299,406,1557,0.260757868
0.020797,1,8,0.125
0.015723,0,1,0
0.215353,15,55,0.272727273
0.059761,3886,25734,0.151006451
0.018245,1,3,0.333333333
0.070273,508,1947,0.260914227
0.27735,350,3455,0.10130246
0.090466,0,1,0
0.142766,5,18,0.277777778
0.099689,2,2,1
0.077331,8,39,0.205128205
0.017595,2,8,0.25
0.06182,10,17,0.588235294
0.023669,28,166,0.168674699
0.032009,96,319,0.300940439
0.038313,4,25,0.16
0.100631,2990,14516,0.205979609
0.114332,1,4,0.25
0.060193,802,4735,0.16937698
0.02813,1,1,1
0.102778,0,3,0
0.068825,5,25,0.2
0.028352,37,182,0.203296703
0.055565,0,1,0
0.056245,0,1,0
0.076053,0,1,0
0.023125,30,130,0.230769231
0.089642,38,152,0.25
0.05795,0,1,0
0.020244,4,31,0.129032258
0.019192,3,15,0.2
0.043386,27,103,0.262135922
0.096872,0,1,0
0.131559,248,936,0.264957265
0.106399,131,463,0.282937365
0.12,102,442,0.230769231
0.02595,83,329,0.252279635
0.081499,33,91,0.362637363
0.131056,16,39,0.41025641
0.08073,0,1,0
0.099075,0,2,0
0.038014,195,852,0.228873239
0.019062,0,3,0
0.059584,1,3,0.333333333
0.13012,2,9,0.222222222
0.039567,21,76,0.276315789
0.025565,57,246,0.231707317
0.044475,0,2,0
0.047836,10,26,0.384615385
0.034975,0,3,0
0.104328,6,11,0.545454545
0.032325,0,4,0
0.046625,1945,12072,0.161116634
0.018212,0,6,0
0.065543,9,21,0.428571429
0.085436,116,480,0.241666667
0.04,459,2843,0.161449173
0.020286,7,28,0.25
0.342997,6,16,0.375
0.017636,0,1,0
0.040242,10,49,0.204081633
0.01544,0,1,0
0.666667,1,9,0.111111111
0.037165,216,891,0.242424242
0.110883,7,20,0.35
0.035522,2,6,0.333333333
0.263752,49,258,0.189922481
0.111111,222,1053,0.210826211
0.116881,0,1,0
0.014849,1,2,0.5
0.381385,46,377,0.122015915
0.035109,6,24,0.25
0.10243,0,2,0
0.069375,10,31,0.322580645
0.018765,22,50,0.44
0.115385,2,7,0.285714286
0.039014,1,16,0.0625
0.029907,0,1,0
0.056847,0,1,0
0.033389,0,2,0
0.019335,3,8,0.375
0.066336,0,2,0
0.076547,1,1,1
0.077981,24,71,0.338028169
0.022798,9,23,0.391304348
0.035863,3,9,0.333333333
0.043355,368,1580,0.232911392
0.014887,1,1,1
0.025238,51,175,0.291428571
0.03673,3,20,0.15
0.01978,1,4,0.25
0.03408,1,2,0.5
0.026261,63,345,0.182608696
0.030179,0,1,0
0.096077,82,263,0.311787072
0.067591,3,13,0.230769231
0.018066,0,4,0
0.155417,0,1,0
0.542326,1,6,0.166666667
0.045349,49,171,0.286549708
0.083689,29,95,0.305263158
0.015608,1,1,1
0.912871,0,3,0
0.023033,46,180,0.255555556
0.091119,3,6,0.5
0.016352,0,2,0
0.024884,62,229,0.270742358
0.210819,2375,20308,0.116948986
0.053838,1808,12363,0.146242821
0.080452,1,1,1
0.015948,0,1,0
0.068802,496,1814,0.273428886
0.031702,219,1148,0.190766551
0.121466,188,789,0.238276299
0.036545,2,9,0.222222222
0.164957,0,5,0
0.095755,1,1,1
0.028256,0,1,0
0.377964,321,3400,0.094411765
0.123738,6,14,0.428571429
0.024574,5,15,0.333333333
0.019017,1,11,0.090909091
0.021262,3,16,0.1875
0.178174,2,6,0.333333333
0.157135,0,4,0
0.019703,0,3,0
0.017949,0,2,0
0.02004,3,16,0.1875
0.015827,0,1,0
0.043959,20,85,0.235294118
0.180579,12,55,0.218181818
0.108536,5,11,0.454545455
0.078621,0,4,0
0.018885,1,1,1
0.131024,1,1,1
0.102538,4,11,0.363636364
0.109985,1,8,0.125
0.186989,0,2,0
0.024723,10,52,0.192307692
0.046274,3,6,0.5
0.104685,1951,9997,0.195158548
0.022086,13,63,0.206349206
0.017889,0,10,0
0.220564,220,1467,0.149965917
0.025549,17,64,0.265625
0.069862,1,1,1
0.047471,77,273,0.282051282
0.052852,6,26,0.230769231
0.073274,663,2734,0.242501829
0.018221,1,2,0.5
0.094118,0,2,0
0.365148,1513,18451,0.082000976
0.021339,1,6,0.166666667
0.030429,242,1098,0.220400729
0.620174,0,1,0
0.109435,0,1,0
0.223607,6968,76389,0.091217322
0.072421,1,1,1
0.061285,343,1340,0.255970149
0.028778,2,2,1
0.059293,4,11,0.363636364
0.156652,0,2,0
0.023344,40,149,0.268456376
0.060609,1,2,0.5
0.015303,0,1,0
0.030861,223,968,0.230371901
0.06742,4915,34569,0.142179409
0.014793,1,2,0.5
0.056254,1123,6124,0.183376878
0.424264,380,3970,0.095717884
0.367607,0,1,0
0.063815,4,11,0.363636364
0.112987,70,282,0.24822695
0.021497,3,12,0.25
0.036961,186,716,0.259776536
0.017961,2,2,1
0.283981,2,5,0.4
0.246598,16,82,0.195121951
0.026216,73,368,0.198369565
0.01799,0,2,0
0.017761,2,4,0.5
0.033729,0,1,0
0.320256,1,6,0.166666667
0.076948,21,61,0.344262295
0.02006,9,35,0.257142857
0.027951,200,872,0.229357798
0.026387,1,1,1
0.017013,0,1,0
0.028262,29,120,0.241666667
0.079872,0,1,0
0.035028,312,1669,0.186938286
0.191273,0,1,0
0.046524,2,10,0.2
0.018715,2,6,0.333333333
0.051112,0,1,0
0.227921,0,1,0
0.730297,12,142,0.084507042
0.056146,0,1,0
0.032951,1,2,0.5
0.039073,468,2627,0.178149981
0.072932,1862,11289,0.164939321
0.130189,411,2322,0.177002584
0.080648,1145,4872,0.23501642
0.027277,45,145,0.310344828
0.034001,377,1697,0.222156747
0.045291,59,147,0.401360544
0.170251,0,7,0
0.109476,3,12,0.25
0.046562,58,203,0.285714286
0.101827,0,4,0
0.038292,1,2,0.5
0.022542,12,31,0.387096774
0.054056,0,1,0
0.16641,245,1269,0.193065406
0.049237,83,271,0.306273063
0.054034,194,611,0.317512275
0.126745,2,7,0.285714286
0.109691,3,20,0.15
0.03434,149,655,0.227480916
0.018048,2,8,0.25
0.230089,678,4229,0.160321589
0.021176,3,33,0.090909091
0.084895,1354,6144,0.220377604
0.095106,65,243,0.267489712
0.019745,2,16,0.125
0.041523,894,4953,0.180496669
0.01676,0,4,0
0.046738,0,1,0
0.019404,4,8,0.5
0.257248,38,252,0.150793651
0.07785,3141,23386,0.134311126
0.033264,0,1,0
0.055517,2,7,0.285714286
0.039559,1,3,0.333333333
0.037242,0,1,0
0.111456,1,1,1
0.029361,326,1297,0.251349268
0.048892,0,1,0
0.096309,0,1,0
0.017756,0,2,0
0.022473,83,237,0.35021097
0.102003,45,186,0.241935484
0.096589,1,3,0.333333333
0.162698,271,1202,0.225457571
0.024913,1,1,1
0.032338,0,1,0
0.027156,30,89,0.337078652
0.018393,9,15,0.6
0.094281,1353,6341,0.213373285
0.065795,37,153,0.241830065
0.106525,1,3,0.333333333
0.019245,12,59,0.203389831
0.033928,3,8,0.375
0.095831,43,140,0.307142857
0.030307,2,7,0.285714286
0.061869,607,1993,0.304565981
0.085714,22,70,0.314285714
0.017434,1,4,0.25
0.075,13,46,0.282608696
0.0411,290,1205,0.2406639
0.126809,3,20,0.15
0.046127,1036,6313,0.164105813
0.249136,358,2396,0.149415693
0.017525,0,1,0
0.090236,0,1,0
0.024754,11,55,0.2
0.100447,1,10,0.1
0.082903,0,2,0
0.072075,631,2582,0.244384198
0.018107,2,8,0.25
0.028217,33,165,0.2
0.016976,1,3,0.333333333
0.074953,57,209,0.272727273
0.015811,0,1,0
0.05912,6,9,0.666666667
0.353553,413,5707,0.072367268
0.016927,0,3,0
0.030657,128,411,0.311435523
0.027929,1,1,1
0.121967,134,590,0.227118644
0.055815,15,59,0.254237288
0.547723,120,1958,0.061287028
0.030066,1,1,1
0.063119,51,148,0.344594595
0.014441,0,1,0
0.040161,859,4744,0.181070826
0.050965,1795,11213,0.160082048
0.026329,1,1,1
0.094597,2,6,0.333333333
0.100125,0,1,0
0.024398,42,270,0.155555556
0.29361,1,2,0.5
0.017408,0,2,0
0.08123,2,2,1
0.11722,229,891,0.25701459
0.02414,8,20,0.4
0.109068,2,3,0.666666667
0.026444,54,278,0.194244604
0.173749,13,70,0.185714286
0.015694,1,1,1
0.137199,6,25,0.24
0.019901,7,19,0.368421053
0.216169,1,2,0.5
0.017487,0,2,0
0.014479,0,2,0
0.043083,82,244,0.336065574
0.024633,9,32,0.28125
0.066421,11,26,0.423076923
0.078903,1,1,1
0.215666,1,1,1
0.255551,24,145,0.165517241
0.260931,61,219,0.278538813
0.041478,20,66,0.303030303
0.044119,29,98,0.295918367
0.056294,1,1,1
0.137038,0,2,0
0.022822,51,200,0.255
0.132583,3,24,0.125
0.018818,0,2,0
0.024042,22,164,0.134146341
0.049752,515,2676,0.19245142
0.232889,33,241,0.136929461
0.392232,3,12,0.25
0.022428,12,34,0.352941176
0.068394,0,1,0
0.014517,1,1,1
0.107676,2048,10730,0.190866729
0.052981,177,653,0.271056662
0.053452,1702,11675,0.145781585
0.029409,1,2,0.5
0.029894,0,1,0
0.029748,165,720,0.229166667
0.240772,1,11,0.090909091
0.045502,10,29,0.344827586
0.033408,130,541,0.240295749
0.030934,180,1037,0.173577628
0.177332,0,3,0
0.035438,2,21,0.095238095
0.156293,24,72,0.333333333
0.076249,1985,12431,0.159681442
0.016169,1,1,1
0.039314,0,1,0
0.014752,0,1,0
0.265165,25,146,0.171232877
0.094491,2004,14373,0.139428094
0.056569,237,874,0.271167048
0.04461,41,162,0.25308642
0.026126,70,293,0.23890785
0.073324,65,227,0.286343612
0.091713,42,190,0.221052632
0.015952,0,1,0
0.075324,789,3099,0.254598258
0.058596,334,1295,0.257915058
0.019507,0,1,0
0.070057,592,2395,0.247181628
0.150946,446,2095,0.212887828
0.033962,0,3,0
0.109599,0,2,0
0.062084,1,8,0.125
0.028172,170,756,0.224867725
0.150329,1,6,0.166666667
0.101535,143,681,0.209985316
0.032296,0,2,0
0.106332,8,20,0.4
0.126211,163,632,0.257911392
0.044335,55,192,0.286458333
0.114624,95,393,0.24173028
0.098268,0,2,0
0.197546,28,131,0.213740458
0.095618,0,3,0
0.027778,40,135,0.296296296
0.082479,81,321,0.252336449
0.037932,367,2073,0.177038109
0.021678,4,16,0.25
0.018554,1,9,0.111111111
0.053882,0,1,0
0.014199,1,1,1
0.75,0,14,0
0.051232,5,17,0.294117647
0.024425,0,1,0
0.214176,0,2,0
0.084116,1,6,0.166666667
0.099015,156,770,0.202597403
0.053,756,3630,0.208264463
0.0178,2,3,0.666666667
0.04899,0,1,0
0.019593,4,23,0.173913043
0.105279,2,9,0.222222222
0.032682,1,1,1
0.056232,235,872,0.269495413
0.028513,131,652,0.200920245
0.024618,72,262,0.27480916
0.068843,45,161,0.279503106
0.015851,0,1,0
0.094679,2,9,0.222222222
0.034943,3,15,0.2
0.014434,1,1,1
0.175682,1,1,1
0.035136,223,1302,0.171274962
0.081954,26,97,0.268041237
0.034249,2,8,0.25
0.16538,6,21,0.285714286
0.039762,7,19,0.368421053
0.083462,0,2,0
0.060718,342,1156,0.295847751
0.082761,67,302,0.221854305
0.119737,1,5,0.2
0.038962,14,38,0.368421053
0.053262,252,809,0.311495674
0.6,59,923,0.063921993
0.020966,3,23,0.130434783
0.058346,326,1082,0.3012939
0.070554,1,1,1
0.030557,1,1,1
0.041451,3,15,0.2
0.044108,0,4,0
0.033662,0,1,0
0.136505,0,1,0
0.033501,0,1,0
0.025649,73,342,0.213450292
0.116423,6,22,0.272727273
0.129777,4,17,0.235294118
0.033195,1,1,1
0.06725,26,92,0.282608696
0.057073,11,39,0.282051282
0.092848,1751,12672,0.138178662
0.048737,4,14,0.285714286
0.169638,1,3,0.333333333
0.058948,0,1,0
0.019784,4,31,0.129032258
0.043437,656,4122,0.159146046
0.01451,0,2,0
0.068904,0,1,0
0.025482,77,356,0.216292135
0.042934,37,142,0.26056338
0.018173,2,7,0.285714286
0.049862,0,1,0
0.125196,0,1,0
0.09759,4757,40606,0.117150175
0.063628,29,89,0.325842697
0.045233,42,172,0.244186047
0.105045,1,7,0.142857143
0.109399,3,8,0.375
0.210352,1,4,0.25
0.074023,589,2483,0.237213049
0.084234,1,2,0.5
0.894427,0,4,0
0.026316,29,85,0.341176471
0.056456,287,1035,0.277294686
0.229039,23,102,0.225490196
0.016988,1,3,0.333333333
0.03432,0,1,0
0.290191,43,241,0.178423237
0.241209,58,289,0.200692042
0.049844,104,326,0.319018405
0.051949,1,1,1
0.023088,14,42,0.333333333
0.015542,0,1,0
0.165647,17,91,0.186813187
0.119952,0,2,0
0.043396,4,12,0.333333333
0.018666,1,8,0.125
0.017803,1,6,0.166666667
0.020211,2,4,0.5
0.02501,0,1,0
0.126176,3,13,0.230769231
0.056614,858,4628,0.185393258
0.073367,0,1,0
0.058824,18,59,0.305084746
0.022792,22,115,0.191304348
0.020178,2,7,0.285714286
0.116692,6,9,0.666666667
0.0406,0,1,0
0.033357,2,4,0.5
0.043478,2,2,1
0.035002,1,6,0.166666667
0.055793,358,1137,0.314863676
0.017025,0,2,0
0.030643,199,1007,0.197616683
0.05595,0,2,0
0.089964,5,12,0.416666667
0.027179,0,1,0
0.071497,1,1,1
0.069213,806,2866,0.281228193
0.081992,1446,6209,0.232887744
0.118678,372,1974,0.188449848
0.099558,1,8,0.125
0.193649,383,1890,0.202645503
0.022338,5,18,0.277777778
0.024581,48,245,0.195918367
0.029699,4,7,0.571428571
0.030661,1,1,1
0.057896,0,1,0
0.072452,0,1,0
0.021272,11,56,0.196428571
0.316228,3749,47907,0.078255787
0.077563,0,2,0
0.19518,3339,25078,0.133144589
0.037372,249,1076,0.231412639
0.041126,22,71,0.309859155
0.041922,0,2,0
0.231455,27,150,0.18
0.018233,4,11,0.363636364
0.040522,1,2,0.5
0.1,7176,59185,0.121246938
0.205847,0,2,0
0.038001,1,8,0.125
0.016855,1,5,0.2
0.090582,0,1,0
0.106066,82,363,0.225895317
0.064889,443,1556,0.28470437
0.018125,0,1,0
0.04103,0,2,0
0.326164,2,8,0.25
0.267261,385,3607,0.1067369
0.074744,53,259,0.204633205
0.064216,381,1383,0.275488069
0.047619,8,15,0.533333333
0.022869,5,15,0.333333333
0.051469,131,458,0.286026201
0.024225,6,17,0.352941176
0.152057,0,1,0
0.152894,231,971,0.237899073
0.016586,1,1,1
0.152277,13,45,0.288888889
0.018557,3,8,0.375
0.101015,145,707,0.205091938
0.044455,1,2,0.5
0.080466,31,104,0.298076923
0.042024,21,67,0.313432836
0.151446,0,1,0
0.045549,1,4,0.25
0.03783,7,16,0.4375
0.086173,4,9,0.444444444
0.288675,707,9455,0.074775251
0.03518,131,493,0.265720081
0.084819,93,445,0.208988764
0.03253,275,1261,0.218080888
0.027116,172,723,0.237897649
0.041416,0,6,0
0.086966,34,110,0.309090909
0.047538,52,234,0.222222222
0.019052,8,18,0.444444444
0.157027,288,1495,0.19264214
0.029377,0,2,0
0.032141,99,303,0.326732673
0.209657,0,5,0
0.042352,36,129,0.279069767
0.096674,189,866,0.218244804
0.180907,590,2920,0.202054795
0.022076,10,30,0.333333333
0.121435,0,5,0
0.041849,0,5,0
0.021035,16,78,0.205128205
0.038706,7,22,0.318181818
0.061174,0,1,0
0.044947,761,4296,0.177141527
0.098058,1696,11682,0.14518062
0.016458,1,1,1
0.028355,1,2,0.5
0.021467,9,49,0.183673469
0.05164,1291,8499,0.151900224
0.229416,618,4287,0.144156753
0.014776,1,2,0.5
0.017612,0,2,0
0.038662,2,3,0.666666667
0.061721,277,1110,0.24954955
0.027821,29,120,0.241666667
0.040555,422,1634,0.258261934
0.069282,11,33,0.333333333
0.031863,213,1277,0.166797181
0.04091,16,46,0.347826087
0.018042,0,2,0
0.092582,49,183,0.267759563
0.095346,4993,41065,0.121587727
0.09811,66,240,0.275
0.053149,6,31,0.193548387
0.078567,64,276,0.231884058
0.165521,1,2,0.5
0.123443,3,13,0.230769231
0.790569,0,8,0
0.045739,1,4,0.25
0.066585,8,13,0.615384615
0.061689,2,10,0.2
0.02344,80,239,0.334728033
0.024507,44,235,0.187234043
0.039746,2,9,0.222222222
0.018474,1,8,0.125
0.035072,1,1,1
0.035875,1,3,0.333333333
0.065465,5,24,0.208333333
0.032747,0,1,0
0.037562,6,24,0.25
0.027566,26,92,0.282608696
0.357771,29,211,0.137440758
0.071107,11,28,0.392857143
0.016054,0,1,0
0.190693,4289,31484,0.136227925
0.017493,2,2,1
0.02052,14,44,0.318181818
0.075761,2,3,0.666666667
0.389249,1,4,0.25
0.023729,4,23,0.173913043
0.022763,30,93,0.322580645
0.090618,3,11,0.272727273
0.031404,0,2,0
0.038851,17,55,0.309090909
0.149071,5671,47740,0.118789275
0.161749,22,97,0.226804124
0.057354,1064,5630,0.188987567
0.358569,436,4094,0.106497313
0.02069,4,7,0.571428571
0.030083,125,642,0.19470405
0.040698,10,48,0.208333333
0.092803,40,129,0.310077519
0.321288,67,332,0.201807229
0.026029,26,76,0.342105263
0.038576,222,997,0.222668004
0.07259,0,1,0
0.075354,1,12,0.083333333
0.069636,1,1,1
0.066503,6,29,0.206896552
0.032129,0,1,0
0.018848,1,3,0.333333333
0.273179,0,4,0
0.019444,4,22,0.181818182
0.077615,110,372,0.295698925
0.024218,28,135,0.207407407
0.018257,1,8,0.125
0.092623,0,1,0
0.060048,0,1,0
0.113776,1,3,0.333333333
0.065622,2,9,0.222222222
0.027441,43,147,0.292517007
0.240192,40,194,0.206185567
0.170561,19,67,0.28358209
0.111154,2,8,0.25
0.23094,3535,29728,0.118911464
0.056097,1,1,1
0.022917,13,34,0.382352941
0.051709,5,14,0.357142857
0.054473,17,38,0.447368421
0.120331,3,5,0.6
0.039881,10,43,0.23255814
0.20739,2,7,0.285714286
0.140981,6,21,0.285714286
0.015741,0,1,0
0.016148,0,3,0
0.022445,52,211,0.246445498
0.018113,1,5,0.2
0.052705,2311,14714,0.157061302
0.031068,70,260,0.269230769
0.066815,1737,10314,0.168411867
0.130744,0,1,0
0.083117,1,1,1
0.048224,1129,7638,0.147813564
0.018185,3,8,0.375
0.06919,6,15,0.4
0.107366,0,2,0
0.021657,8,34,0.235294118
0.034478,0,2,0
0.021577,2,11,0.181818182
0.150756,1941,17767,0.109247481
0.048853,9,26,0.346153846
0.090289,0,1,0
0.103757,2,8,0.25
0.035245,222,1275,0.174117647
0.076151,1,1,1
0.036454,1,3,0.333333333
0.026537,102,479,0.212943633
0.013521,0,1,0
0.082339,1062,4883,0.217489248
0.03092,0,1,0
0.035578,397,2094,0.189589303
0.21693,2693,21290,0.12649131
0.06003,252,952,0.264705882
0.023603,32,123,0.260162602
0.035692,379,2286,0.165791776
0.040489,514,3141,0.163642152
0.020672,8,37,0.216216216
0.189832,0,4,0
0.049088,1086,7289,0.148991631
0.087706,3729,26893,0.138660618
0.028913,3,3,1
0.038526,0,10,0
0.020278,5,8,0.625
0.148556,7,35,0.2
0.143444,1,1,1
0.021301,4,15,0.266666667
0.057831,19,58,0.327586207
0.032739,2,7,0.285714286
0.084667,1,1,1
0.179605,645,4191,0.153901217
0.097642,0,3,0
0.062897,6,16,0.375
0.024961,55,228,0.24122807
0.07875,934,3820,0.244502618
0.032478,108,379,0.284960422
0.039436,1,1,1
0.026575,26,74,0.351351351
0.068734,4,21,0.19047619
0.062622,2026,14831,0.136605758
0.047977,0,1,0
0.049875,7,14,0.5
0.507093,165,2084,0.079174664
0.6742,1,10,0.1
0.159364,4,35,0.114285714
0.051678,1,1,1
0.107075,64,272,0.235294118
0.075094,0,4,0
0.020378,3,5,0.6
0.018122,2,13,0.153846154
0.067217,0,1,0
0.036008,1,7,0.142857143
0.037987,2,11,0.181818182
0.111369,3,14,0.214285714
0.063387,1,7,0.142857143
0.098295,2,3,0.666666667
0.017733,2,11,0.181818182
0.016891,1,7,0.142857143
0.072169,1555,9472,0.164168074
0.126491,2640,14132,0.186810076
0.056393,0,6,0
0.019331,1,3,0.333333333
0.058926,1127,6033,0.186805901
0.032969,337,1610,0.20931677
0.125988,350,1744,0.200688073
0.045944,72,238,0.302521008
0.04053,15,56,0.267857143
0.087519,44,147,0.299319728
0.017926,0,1,0
0.038419,6,24,0.25
0.018814,1,4,0.25
0.173205,311,1490,0.208724832
0.031369,0,1,0
0.08978,1,1,1
0.035411,2,5,0.4
0.2,6035,59307,0.101758646
0.082447,1,1,1
0.020655,2,7,0.285714286
0.139686,3114,18143,0.171636444
0.056433,12,46,0.260869565
0.036394,353,1952,0.180840164
0.01403,0,1,0
0.025863,67,305,0.219672131
0.033127,1,2,0.5
0.031802,0,1,0
0.036214,2,11,0.181818182
0.044777,111,356,0.311797753
0.070613,5,23,0.217391304
0.096449,2372,11159,0.21256385
0.083588,0,1,0
0.018778,8,13,0.615384615
0.055216,680,3612,0.188261351
0.30429,0,4,0
0.074193,4,29,0.137931034
0.04845,12,19,0.631578947
0.142134,2,6,0.333333333
0.041065,0,1,0
0.037763,3,9,0.333333333
0.13484,7326,63385,0.115579396
0.027318,116,493,0.235294118
0.034658,0,2,0
0.01433,0,1,0
0.027815,0,1,0
0.033615,280,1476,0.189701897
0.023156,23,138,0.166666667
0.044227,33,107,0.308411215
0.028341,150,631,0.237717908
0.046374,1278,8489,0.150547768
0.119257,2,7,0.285714286
0.064416,23,85,0.270588235
0.025449,12,50,0.24
0.093477,50,152,0.328947368
0.259938,2,3,0.666666667
0.015982,1,2,0.5
0.053709,1,1,1
0.043335,27,89,0.303370787
0.069171,41,136,0.301470588
0.056166,11,42,0.261904762
0.120972,190,721,0.263522885
0.016667,2,4,0.5
0.023492,7,34,0.205882353
0.603023,0,5,0
0.045596,1,9,0.111111111
0.103882,1,1,1
0.066749,4,17,0.235294118
0.066018,5,8,0.625
0.079724,0,1,0
0.088045,109,488,0.223360656
0.021542,19,83,0.228915663
0.019371,1,16,0.0625
0.076571,15,65,0.230769231
0.048085,68,215,0.31627907
0.071157,693,2811,0.246531483
0.059235,2160,15489,0.139453806
0.275241,1,4,0.25
0.019481,3,14,0.214285714
0.092494,0,2,0
0.015048,0,1,0
0.08171,0,4,0
0.057907,0,1,0
0.043727,1,7,0.142857143
0.23355,300,2175,0.137931034
0.045222,5,15,0.333333333
0.189737,546,2997,0.182182182
0.08589,29,92,0.315217391
0.181369,0,1,0
0.062932,284,1094,0.259597806
0.017869,3,4,0.75
0.067729,36,156,0.230769231
0.028061,127,615,0.206504065
0.065079,4,14,0.285714286
0.026803,31,123,0.25203252
0.026619,0,1,0
0.049568,7,30,0.233333333
0.027204,0,1,0
0.018063,1,4,0.25
0.060241,7,15,0.466666667
0.072868,10,30,0.333333333
0.034879,1,1,1
0.027629,123,621,0.198067633
0.049538,119,372,0.319892473
0.034376,0,2,0
0.039904,288,1244,0.231511254
0.08269,916,4114,0.222654351
0.015467,0,3,0
0.051554,140,446,0.313901345
0.032509,0,2,0
0.015802,0,1,0
0.087601,0,3,0
0.184115,0,2,0
0.095893,2101,10000,0.2101
0.021567,13,64,0.203125
0.022565,13,53,0.245283019
0.123718,4,21,0.19047619
0.153093,19,71,0.267605634
0.087333,42,134,0.313432836
0.065583,371,1414,0.262376238
0.474342,177,2124,0.083333333
0.041776,2,12,0.166666667
0.017461,0,3,0
0.01717,1,1,1
0.458831,2,15,0.133333333
0.069043,1,1,1
0.02381,7,25,0.28
0.056898,0,4,0
0.018282,5,5,1
0.032547,105,392,0.267857143
0.215166,1,1,1
0.14199,0,1,0
0.282843,2372,23695,0.100105507
0.070809,11,33,0.333333333
0.084515,6558,52699,0.124442589
0.06482,25,109,0.229357798
0.019462,7,17,0.411764706
0.125245,3216,17668,0.182023998
0.034259,141,496,0.284274194
0.094916,174,774,0.224806202
0.038462,192,776,0.24742268
0.018748,0,14,0
0.075834,21,56,0.375
0.047298,6,42,0.142857143
0.213809,27,143,0.188811189
0.097301,0,3,0
0.039284,183,708,0.258474576
0.043133,60,162,0.37037037
0.040723,2,3,0.666666667
0.067884,28,109,0.256880734
0.06247,307,1256,0.244426752
0.086387,133,494,0.269230769
0.067267,30,128,0.234375
0.038895,1,2,0.5
0.193167,0,1,0
0.333333,263,2790,0.094265233
0.167542,24,68,0.352941176
0.078446,836,3454,0.242038217
0.235702,330,3038,0.108624095
0.022881,49,154,0.318181818
0.077203,15,48,0.3125
0.090909,149,611,0.24386252
0.053916,860,4513,0.190560603
0.274721,0,1,0
0.019317,2,6,0.333333333
0.044856,2,4,0.5
0.021167,2,13,0.153846154
0.113592,2559,12666,0.202036949
0.060363,1,2,0.5
0.074421,8,26,0.307692308
0.074278,774,3044,0.254270696
0.206725,0,2,0
0.383482,2,15,0.133333333
0.084991,2,2,1
0.024515,17,47,0.361702128
0.063564,517,2006,0.25772682
0.041931,16,47,0.340425532
0.032703,208,1099,0.189262966
0.018647,1,2,0.5
0.019567,0,3,0
0.018242,0,5,0
0.0438,65,187,0.347593583
0.016772,1,1,1
0.061142,355,1362,0.260646109
0.036014,2,8,0.25
0.063175,7,17,0.411764706
0.022704,28,107,0.261682243
0.755929,0,4,0
0.018725,0,1,0
0.040572,14,32,0.4375
0.068599,460,1843,0.249593055
0.041039,10,33,0.303030303
0.03832,2,11,0.181818182
0.089353,0,3,0
0.0343,235,1153,0.203816132
0.016418,0,2,0
0.20702,396,2395,0.165344468
0.061575,398,1473,0.270196877
0.088736,117,562,0.208185053
0.057417,0,4,0
0.109272,2966,15781,0.187947532
0.123466,0,1,0
0.128506,122,580,0.210344828
0.127775,2755,15061,0.182922781
0.052414,905,4683,0.193252189
0.034139,0,2,0
0.144639,1,1,1
0.0274,37,105,0.352380952
0.119523,6589,50910,0.129424475
0.018602,0,2,0
0.485071,1,3,0.333333333
0.150117,14,29,0.482758621
0.090722,1,1,1
0.039193,3,18,0.166666667
0.072675,1,2,0.5
0.018294,2,4,0.5
0.114258,0,2,0
0.057001,0,1,0
0.140028,376,2041,0.18422342
0.048579,65,240,0.270833333
0.279751,618,3947,0.156574614
0.104151,3,7,0.428571429
0.125877,6,26,0.230769231
0.476731,0,7,0
0.024197,1,23,0.043478261
0.131519,6,18,0.333333333
0.040893,1,3,0.333333333
0.344124,32,233,0.137339056
0.052613,153,506,0.302371542
0.018405,2,3,0.666666667
0.089555,3,15,0.2
0.092319,0,6,0
0.182574,6497,63505,0.102306905
0.026243,17,70,0.242857143
0.183533,29,133,0.218045113
0.057208,0,1,0
0.040258,0,1,0
0.707107,1,99,0.01010101
0.046945,77,328,0.234756098
0.024361,30,151,0.198675497
0.015859,0,1,0
0.042405,1,1,1
0.056705,20,68,0.294117647
0.140952,0,1,0
0.11523,0,3,0
0.044666,71,191,0.371727749
0.034586,167,635,0.262992126
0.030317,81,280,0.289285714
0.016648,0,1,0
0.019984,1,4,0.25
0.02253,20,101,0.198019802
0.021205,1,11,0.090909091
0.120483,112,430,0.260465116
0.031682,0,1,0
0.145575,3,43,0.069767442
0.33541,351,2688,0.130580357
0.023466,13,32,0.40625
0.05748,1,1,1
0.052066,0,3,0
0.12946,0,1,0
0.845154,0,3,0
0.032466,2,3,0.666666667
0.117444,2984,16490,0.180958156
0.047809,72,224,0.321428571
0.025555,0,1,0
0.069886,0,1,0
0.021636,0,1,0
0.116941,1,5,0.2
0.029504,0,2,0
0.062017,3548,25183,0.140888695
0.034174,7,12,0.583333333
0.185058,0,1,0
0.034224,1,3,0.333333333
0.035663,2,11,0.181818182
0.030373,57,257,0.221789883
0.067806,484,1907,0.253801783
0.058849,420,1302,0.322580645
0.032616,318,1600,0.19875
0.019231,4,12,0.333333333
0.015206,0,1,0
0.019649,1,11,0.090909091
0.038152,0,6,0
0.06111,1,5,0.2
0.042835,724,5008,0.14456869
0.097157,3,9,0.333333333
0.213201,563,4160,0.135336538
0.071383,684,2928,0.233606557
0.084853,28,126,0.222222222
0.091971,4,9,0.444444444
0.471405,1,8,0.125
0.170941,10,60,0.166666667
0.021477,7,28,0.25
0.198762,12,81,0.148148148
0.014841,0,1,0
0.038125,207,838,0.247016706
0.073193,6,34,0.176470588
0.127515,0,2,0
0.093865,0,1,0
0.066259,3,10,0.3
0.057682,0,2,0
0.018531,0,3,0
0.02616,0,1,0
0.035979,5,13,0.384615385
0.052382,0,1,0
0.118585,105,457,0.2297593
0.064927,7,24,0.291666667
0.018227,1,6,0.166666667
0.023039,11,53,0.20754717
0.027482,33,107,0.308411215
0.098029,0,1,0
0.015321,0,2,0
0.034483,0,2,0
0.080178,25,69,0.362318841
0.050782,0,1,0
0.062318,439,1523,0.288246881
0.034503,411,1952,0.210553279
0.017689,0,2,0
0.042718,417,1807,0.230769231
0.028677,52,184,0.282608696
0.067229,651,2298,0.283289817
0.06531,5,10,0.5
0.042371,2,7,0.285714286
0.131876,3980,22395,0.177718241
0.051832,0,1,0
0.037966,3,13,0.230769231
0.044544,353,1611,0.21911856
0.220326,2,4,0.5
0.051215,166,502,0.330677291
0.816497,0,5,0
0.020924,5,10,0.5
0.030744,0,1,0
0.048679,21,77,0.272727273
0.046029,505,2458,0.205451587
0.058471,308,1035,0.297584541
0.093968,0,2,0
0.082076,0,1,0
0.025607,63,306,0.205882353
0.03959,1,1,1
0.055757,1,1,1
0.301511,374,3425,0.10919708
0.040226,0,6,0
0.100504,191,906,0.210816777
0.020739,8,35,0.228571429
0.081801,13,43,0.302325581
0.018522,1,8,0.125
0.048015,92,353,0.260623229
0.416025,18,186,0.096774194
0.025278,66,272,0.242647059
0.078648,24,64,0.375
0.052926,10,26,0.384615385
0.023837,43,218,0.197247706
0.14415,9,26,0.346153846
0.131165,3,8,0.375
0.071429,1119,6834,0.163740123
0.146059,8,30,0.266666667
0.089087,96,477,0.201257862
0.09375,2,7,0.285714286
0.051098,9,20,0.45
0.038633,494,2762,0.178855902
0.0848,0,1,0
0.065512,23,92,0.25
0.057448,33,106,0.311320755
0.050709,0,2,0
0.363803,18,172,0.104651163
0.022417,31,143,0.216783217
0.026426,16,70,0.228571429
0.036637,451,2313,0.194984868
0.8,4,59,0.06779661
0.029934,57,221,0.257918552
0.058498,1,5,0.2
0.125553,4,16,0.25
0.1849,2,5,0.4
0.078326,82,297,0.276094276
0.064018,1179,6632,0.177774427
0.021224,16,98,0.163265306
0.135526,202,918,0.220043573
0.075378,1750,10592,0.165219033
0.067612,587,2375,0.247157895
0.075059,714,3081,0.231742941
0.025683,19,64,0.296875
0.016319,0,2,0
0.024056,10,35,0.285714286
0.045932,6,30,0.2
0.046188,104,352,0.295454545
0.014192,1,1,1
0.160128,530,3037,0.174514323
0.019263,2,8,0.25
0.040656,636,3602,0.176568573
0.054956,1,2,0.5
0.151099,0,2,0
0.192055,16,104,0.153846154
0.202548,20,102,0.196078431
0.338062,2636,29387,0.089699527
0.171499,433,2858,0.151504549
0.116335,61,240,0.254166667
0.09267,3,4,0.75
0.079809,57,309,0.184466019
0.051917,1,16,0.0625
0.029775,62,200,0.31
0.08737,152,644,0.236024845
0.032317,1,4,0.25
0.019227,2,7,0.285714286
0.027017,100,444,0.225225225
0.143839,296,1344,0.220238095
0.097078,69,242,0.285123967
0.025524,68,253,0.268774704
0.073472,1,1,1
0.103452,3,10,0.3
0.047272,52,222,0.234234234
0.038278,12,27,0.444444444
0.049814,1,14,0.071428571
0.035218,0,1,0
0.051367,5,16,0.3125
0.1016,1,4,0.25
0.019146,0,1,0
0.052129,954,4836,0.197270471
0.041978,21,65,0.323076923
0.015171,1,1,1
0.036564,167,775,0.215483871
0.016964,0,5,0
0.103975,2486,12006,0.207063135
0.042914,3,10,0.3
0.087039,1294,8896,0.145458633
0.02055,0,11,0
0.53936,33,227,0.145374449
0.045061,37,125,0.296
0.016575,0,1,0
0.01525,0,1,0
0.045175,613,3910,0.156777494
0.072336,9,35,0.257142857
0.065003,6,10,0.6
0.085367,40,137,0.291970803
0.433013,6,89,0.06741573
0.027608,23,90,0.255555556
0.028006,137,589,0.232597623
0.051525,1,2,0.5
0.02837,1,1,1
0.014861,0,1,0
0.127,311,1525,0.203934426
0.123508,165,686,0.240524781
0.025994,86,408,0.210784314
0.020743,2,7,0.285714286
0.077589,35,101,0.346534653
0.044305,1,1,1
0.017691,4,12,0.333333333
0.040129,2,15,0.133333333
0.030715,267,1205,0.221576763
0.015911,0,1,0
0.05994,1,3,0.333333333
0.020628,15,42,0.357142857
0.024183,30,146,0.205479452
0.08,854,3845,0.222106632
0.034895,0,1,0
0.066372,46,152,0.302631579
0.02926,58,225,0.257777778
0.107833,285,1328,0.214608434
0.173032,1,2,0.5
0.097736,1,3,0.333333333
0.064106,3,7,0.428571429
0.068519,43,215,0.2
0.035944,2,5,0.4
0.021152,12,51,0.235294118
0.085023,19,71,0.267605634
0.109764,285,1359,0.209713024
0.086367,1,2,0.5
0.042705,0,1,0
0.204598,566,2956,0.191474966
0.145095,3917,24394,0.160572272
0.049147,8,20,0.4
0.059028,19,51,0.37254902
0.09673,0,2,0
0.021369,9,39,0.230769231
0.035669,0,1,0
0.038433,1,2,0.5
0.044555,49,153,0.320261438
0.141069,0,7,0
0.014744,0,1,0
0.155963,434,1997,0.217325989
0.025854,9,44,0.204545455
0.083366,39,120,0.325
0.02098,5,12,0.416666667
0.086244,35,172,0.203488372
0.029298,143,797,0.179422836
0.112194,144,553,0.26039783
0.053666,0,1,0
0.038035,5,20,0.25
0.045408,775,5241,0.147872543
0.019288,1,2,0.5
0.018912,0,1,0
0.090784,0,4,0
0.083205,40,141,0.283687943
0.014086,1,1,1
0.030916,1,1,1
0.041301,24,69,0.347826087
0.020311,1,1,1
0.022966,9,28,0.321428571
0.05698,990,5364,0.184563758
0.028116,154,704,0.21875
0.017547,1,1,1
0.016341,0,2,0
0.039413,10,33,0.303030303
0.082199,1558,10383,0.150052971
0.069338,1352,8048,0.167992048
0.129532,0,1,0
0.154533,15,47,0.319148936
0.07698,1035,4075,0.25398773
0.052502,0,2,0
0.047088,2,9,0.222222222
0.045763,175,556,0.314748201
0.147542,5,29,0.172413793
0.030359,174,786,0.221374046
0.043113,2,2,1
0.097435,2,2,1
0.283473,14,106,0.132075472
0.01714,0,1,0
0.049447,10,40,0.25
0.029173,134,622,0.215434084
0.116052,1,1,1
0.060999,450,1619,0.277949351
0.079388,0,1,0
0.033952,0,4,0
0.022054,6,18,0.333333333
0.410391,35,328,0.106707317
0.038749,3,6,0.5
0.034442,1,2,0.5
0.037424,1,2,0.5
0.185496,9,49,0.183673469
0.032208,94,359,0.26183844
0.016867,0,4,0
0.227185,33,149,0.22147651
0.089324,4,7,0.571428571
0.099535,0,2,0
0.102299,58,190,0.305263158
0.248452,0,2,0
0.068399,498,1893,0.263074485
0.055153,299,946,0.316067653
0.018356,0,1,0
0.019477,0,2,0
0.034452,0,1,0
0.372104,267,2652,0.100678733
0.080757,40,109,0.366972477
0.052271,10,35,0.285714286
0.013928,0,1,0
0.187867,432,2181,0.198074278
0.024922,45,205,0.219512195
0.070888,66,198,0.333333333
0.058621,19,94,0.20212766
0.015782,0,1,0
0.06006,0,1,0
0.645497,0,2,0
0.021698,11,24,0.458333333
0.037696,10,26,0.384615385
0.196116,492,3211,0.153223295
0.089843,39,131,0.297709924
0.029412,44,175,0.251428571
0.147844,2,5,0.4
0.017239,0,1,0
0.017447,0,4,0
0.018983,4,11,0.363636364
0.036096,2,4,0.5
0.077557,930,3526,0.263754963
0.070225,7,39,0.179487179
0.024456,4,30,0.133333333
0.040121,19,103,0.184466019
0.033855,2,4,0.5
0.038243,5,14,0.357142857
0.052543,2,5,0.4
0.019968,0,3,0
0.10554,1,10,0.1
0.095443,3,8,0.375
0.254,1,6,0.166666667
0.03625,0,1,0
0.067505,2,15,0.133333333
0.038778,610,3227,0.189030059
0.06634,3,13,0.230769231
0.093891,2,3,0.666666667
0.071982,31,133,0.233082707
0.029251,1,2,0.5
0.027254,1,1,1
0.038384,9,21,0.428571429
0.051383,153,507,0.301775148
0.042993,0,1,0
0.147799,7,54,0.12962963
0.093633,1,3,0.333333333
0.015871,0,1,0
0.063529,8,18,0.444444444
0.117851,1474,12094,0.121878617
0.022168,21,102,0.205882353
0.023649,4,29,0.137931034
0.03719,0,1,0
0.286446,51,293,0.174061433
0.095783,142,710,0.2
0.018915,0,8,0
0.01759,0,4,0
0.017917,1,6,0.166666667
0.039337,3,27,0.111111111
0.067937,6,18,0.333333333
0.039451,7,27,0.259259259
0.187523,21,91,0.230769231
0.029488,199,802,0.248129676
0.021281,5,15,0.333333333
0.017201,0,1,0
0.023063,48,163,0.294478528
0.036298,0,1,0
0.527046,1,7,0.142857143
0.041885,558,3273,0.170485793
0.02582,68,302,0.225165563
0.119334,8,35,0.228571429
0.135804,9,42,0.214285714
0.186339,1,1,1
0.023623,11,26,0.423076923
0.112115,3,19,0.157894737
0.07472,0,1,0
0.153897,197,841,0.234244946
0.059976,34,79,0.430379747
0.055234,0,1,0
0.064851,4,12,0.333333333
0.020395,1,2,0.5
0.066998,4,13,0.307692308
0.037043,7,17,0.411764706
0.048723,60,186,0.322580645
0.042033,1,4,0.25
0.40161,5,14,0.357142857
0.025078,46,216,0.212962963
0.072023,13,52,0.25
0.032595,0,3,0
0.063105,2,5,0.4
0.116248,309,1569,0.196940727
0.117363,0,1,0
0.074813,0,2,0
0.07581,37,212,0.174528302
0.054433,179,588,0.304421769
0.041595,2,4,0.5
0.018751,3,4,0.75
0.045314,2,6,0.333333333
0.251577,2,8,0.25
0.195283,34,152,0.223684211
0.138086,10,46,0.217391304
0.281718,0,4,0
0.069098,9,20,0.45
0.041135,2,8,0.25
0.083992,0,2,0
0.133631,1910,15866,0.120383209
0.101764,2,9,0.222222222
0.11547,5658,47810,0.118343443
0.08295,0,1,0
0.027842,99,461,0.214750542
0.07892,14,55,0.254545455
0.23694,15,101,0.148514851
0.077719,17,54,0.314814815
0.028615,0,1,0
0.039606,11,31,0.35483871
0.057378,372,1124,0.330960854
0.132964,2,10,0.2
0.039528,870,4872,0.178571429
0.027359,24,92,0.260869565
0.132236,6,16,0.375
0.042689,23,96,0.239583333
0.091003,3,5,0.6
0.054339,0,1,0
0.06455,3847,26707,0.144044632
0.025351,13,50,0.26
0.037503,1,6,0.166666667
0.017789,0,6,0
0.096028,2,7,0.285714286
0.030729,1,1,1
0.01744,0,1,0
0.055728,10,32,0.3125
0.043853,1115,6723,0.16584858
0.03435,3,12,0.25
0.04865,58,220,0.263636364
0.095077,1,1,1
0.433861,28,187,0.14973262
0.058113,4,5,0.8
0.02905,176,727,0.242090784
0.031814,97,348,0.278735632
0.359211,0,6,0
0.039375,519,3135,0.165550239
0.030802,0,1,0
0.076747,0,2,0
0.090453,32,141,0.226950355
0.0354,0,2,0
0.125436,15,47,0.319148936
0.3371,0,2,0
0.09525,2,7,0.285714286
0.072232,19,41,0.463414634
0.087186,0,2,0
0.033686,1,5,0.2
0.076472,72,240,0.3
0.031686,63,258,0.244186047
0.020637,0,4,0
0.147264,321,1398,0.229613734
0.063725,375,1459,0.25702536
0.113364,1,2,0.5
0.022972,28,134,0.208955224
0.146647,1,9,0.111111111
0.03326,124,392,0.316326531
0.050035,0,1,0
0.112747,0,11,0
0.04184,27,90,0.3
0.053376,6,28,0.214285714
0.14501,6,39,0.153846154
0.038208,497,2999,0.165721907
0.332182,39,183,0.213114754
0.133235,0,1,0
0.214286,24,140,0.171428571
0.018608,0,7,0
0.044444,115,297,0.387205387
0.01803,0,1,0
0.041794,14,50,0.28
0.107058,0,1,0
0.061951,1,6,0.166666667
0.015101,1,2,0.5
0.015076,0,1,0
0.065094,1633,8904,0.183400719
0.203069,0,1,0
0.052144,1,1,1
0.04008,26,77,0.337662338
0.189661,0,2,0
0.140114,3,22,0.136363636
0.093704,22,108,0.203703704
0.199205,2,3,0.666666667
0.042796,4,12,0.333333333
0.129969,0,1,0
0.054534,158,500,0.316
0.020585,3,27,0.111111111
0.024369,9,70,0.128571429
0.017623,2,7,0.285714286
0.12958,8,35,0.228571429
0.105777,0,2,0
0.017555,2,14,0.142857143
0.06178,21,68,0.308823529
0.031762,0,1,0
0.022611,3,20,0.15
0.032791,255,1211,0.210569777
0.015841,0,1,0
0.085194,43,125,0.344
0.028928,144,725,0.19862069
0.020307,1,21,0.047619048
0.079894,17,60,0.283333333
0.060921,1,11,0.090909091
0.021017,1,14,0.071428571
0.107763,122,456,0.26754386
0.565685,25,308,0.081168831
0.063316,1,5,0.2
0.046816,103,319,0.322884013
0.105227,0,3,0
0.057027,206,740,0.278378378
0.180702,16,58,0.275862069
0.082729,28,118,0.237288136
0.017678,2,9,0.222222222
0.237171,490,2918,0.167923235
0.3849,1,9,0.111111111
0.106871,1,9,0.111111111
0.068288,6,21,0.285714286
0.017395,4,14,0.285714286
0.028298,1,1,1
0.061663,41,135,0.303703704
0.039299,7,29,0.24137931
0.076077,13,61,0.213114754
0.091574,0,4,0
0.031235,173,935,0.185026738
0.219265,0,2,0
0.104257,2291,17209,0.133128014
0.036084,158,733,0.215552524
0.085671,1321,6196,0.213202066
0.044324,1,5,0.2
0.020464,4,12,0.333333333
0.016819,0,3,0
0.15861,0,2,0
0.087932,1,8,0.125
0.042496,33,106,0.311320755
0.035892,3,9,0.333333333
0.056796,1626,10880,0.149448529
0.025286,11,55,0.2
0.03996,12,44,0.272727273
0.019873,1,5,0.2
0.018033,1,4,0.25
0.141865,8,41,0.195121951
0.030571,200,898,0.222717149
0.019389,12,38,0.315789474
0.040782,16,59,0.271186441
0.067574,56,191,0.293193717
0.082887,14,68,0.205882353
0.052432,139,539,0.257884972
0.10351,64,250,0.256
0.340997,4,12,0.333333333
0.019,1,6,0.166666667
0.047246,690,3020,0.228476821
0.026207,23,78,0.294871795
0.045455,467,1982,0.235620585
0.101274,2158,10214,0.211278637
0.018365,5,11,0.454545455
0.035093,140,731,0.191518468
0.035635,1,5,0.2
0.094943,0,3,0
0.069938,7,30,0.233333333
0.022942,30,116,0.25862069
0.019936,0,3,0
0.028989,129,645,0.2
0.612372,6,123,0.048780488
0.070014,1516,8325,0.182102102
0.048337,711,3337,0.213065628
0.021843,6,23,0.260869565
0.050443,6,22,0.272727273
0.104765,66,228,0.289473684
0.08561,0,3,0
0.172062,7,46,0.152173913
0.091287,6199,47781,0.129737762
0.073743,29,87,0.333333333
0.050767,499,2536,0.196766562
0.020129,3,4,0.75
0.094165,61,223,0.273542601
0.018804,33,55,0.6
0.071207,14,52,0.269230769
0.043315,1,2,0.5
0.057615,248,911,0.272228321
0.156893,15,47,0.319148936
0.054965,26,60,0.433333333
0.597614,2,15,0.133333333
0.075955,11,32,0.34375
0.050508,487,2288,0.21284965
0.01709,1,2,0.5
0.078379,12,56,0.214285714
0.049162,102,383,0.266318538
0.100887,1,2,0.5
0.062137,18,68,0.264705882
0.022389,19,90,0.211111111
0.026631,99,417,0.237410072
0.077876,0,2,0
0.08064,1,3,0.333333333
0.134231,0,7,0
0.019555,6,18,0.333333333
0.092998,2,2,1
0.134459,2,13,0.153846154
0.0305,206,845,0.243786982
0.055685,385,1191,0.323257767
0.053683,8,29,0.275862069
0.100673,5,11,0.454545455
0.030411,1,1,1
0.017744,2,2,1
0.089803,2369,16310,0.145248314
0.051434,6,21,0.285714286
0.016621,1,4,0.25
0.064051,476,1694,0.280991736
0.037898,5,17,0.294117647
0.01857,2,9,0.222222222
0.047673,1758,10399,0.169054717
0.031159,214,993,0.21550856
0.05567,0,1,0
0.03872,1,2,0.5
0.028724,48,194,0.24742268
0.023187,57,200,0.285
0.169842,15,88,0.170454545
0.021884,2,16,0.125
0.015867,1,1,1
0.022033,30,96,0.3125
0.185695,470,3112,0.151028278
0.024311,6,24,0.25
0.050252,557,2808,0.198361823
0.018182,3,8,0.375
0.052745,0,1,0
0.219529,0,3,0
0.032947,1,5,0.2
0.021442,12,38,0.315789474
0.149487,1,4,0.25
0.023756,4,19,0.210526316
0.042145,1,3,0.333333333
0.104447,53,222,0.238738739
0.027995,44,136,0.323529412
0.053795,0,1,0
0.032756,103,398,0.25879397
0.018411,1,7,0.142857143
0.040825,941,5258,0.178965386
0.143684,14,46,0.304347826
0.014949,0,1,0
0.020717,6,26,0.230769231
0.020851,9,38,0.236842105
0.02177,15,57,0.263157895
0.033806,293,1691,0.173270254
0.023094,34,155,0.219354839
0.195698,566,2884,0.196255201
0.020328,12,37,0.324324324
0.085592,1,2,0.5
0.169031,7401,75568,0.097938281
0.018595,4,14,0.285714286
0.054818,0,1,0
0.096031,2,8,0.25
0.039653,292,1211,0.241123039
0.074261,0,2,0
0.071611,2946,22626,0.13020419
0.037689,238,1025,0.232195122
0.0508,105,355,0.295774648
0.103203,60,247,0.24291498
0.148159,325,1523,0.213394616
0.021905,4,11,0.363636364
0.084215,88,400,0.22
0.021457,2,16,0.125
0.210042,19,122,0.155737705
0.02325,15,98,0.153061224
0.112911,2,5,0.4
0.018881,0,10,0
0.030457,0,2,0
0.091863,0,2,0
0.0635,1161,6076,0.191079658
0.020101,16,70,0.228571429
0.020228,0,7,0
0.29173,0,8,0
0.130066,2,17,0.117647059
0.159901,10,70,0.142857143
0.069254,0,1,0
0.065388,5,12,0.416666667
0.019707,1,13,0.076923077
0.033186,132,457,0.288840263
0.03595,2,15,0.133333333
0.084141,1376,5926,0.232197098
0.133333,3113,18464,0.168598354
0.093761,2247,10647,0.211045365
0.0762,10,39,0.256410256
0.019822,12,37,0.324324324
0.065372,18,114,0.157894737
0.028444,38,153,0.248366013
0.101419,70,284,0.246478873
0.046312,52,188,0.276595745
0.017932,0,5,0
0.045129,2,4,0.5
0.019433,0,1,0
0.031083,160,835,0.191616766
0.090933,2,2,1
0.095482,1,1,1
0.100901,4,4,1
0.042563,322,1380,0.233333333
0.017719,3,9,0.333333333
0.014471,0,1,0
0.030096,82,268,0.305970149
0.191741,1,2,0.5
0.069505,49,201,0.243781095
0.087894,34,162,0.209876543
0.208514,627,4244,0.147737983
0.041667,316,1387,0.227829849
0.018273,0,2,0
0.087391,1,2,0.5
0.092155,1,8,0.125
0.135225,2,17,0.117647059
0.186052,183,923,0.198266522
0.166667,1309,12315,0.106293138
0.294086,14,81,0.172839506
0.035444,191,671,0.284649776
0.017226,2,2,1
0.0212,11,73,0.150684932
0.253185,1,1,1
0.052253,151,526,0.287072243
0.129701,178,786,0.226463104
0.035055,3,10,0.3
0.020806,4,33,0.121212121
0.058778,0,2,0
0.064179,4,9,0.444444444
0.036037,351,1994,0.176028084
0.046689,56,213,0.262910798
0.373002,35,309,0.113268608
0.059177,0,4,0
0.032191,239,1203,0.198669992
0.022852,33,151,0.218543046
0.018538,0,6,0
0.017213,1,1,1
0.017381,0,2,0
0.32969,3,14,0.214285714
0.013327,0,1,0
0.036424,2,7,0.285714286
0.018149,3,7,0.428571429
0.129099,8400,77221,0.1087787
0.075235,9,29,0.310344828
0.01435,1,1,1
0.083527,56,150,0.373333333
0.078113,28,91,0.307692308
0.227038,0,2,0
0.029988,42,199,0.211055276
0.025724,0,2,0
0.015314,0,1,0
0.017874,1,2,0.5
0.17609,2,4,0.5
0.046474,1,4,0.25
0.07231,674,2565,0.262768031
0.060634,1263,6592,0.191595874
0.016462,0,3,0
0.022785,1,1,1
0.019087,2,9,0.222222222
0.119098,0,1,0
0.022496,12,41,0.292682927
0.098374,46,205,0.224390244
0.041996,1,4,0.25
0.079368,1134,4798,0.236348479
0.050882,140,427,0.327868852
0.055989,21,53,0.396226415
0.041703,559,3393,0.164750958
0.06449,0,1,0
0.05376,7,24,0.291666667
0.044257,3,3,1
0.01916,0,2,0
0.025959,14,48,0.291666667
0.225018,0,4,0
0.066118,523,1777,0.294316263
0.24544,1,9,0.111111111
0.035601,0,1,0
0.037333,1,7,0.142857143
0.063743,3,15,0.2
0.086977,0,2,0
0.062257,28,87,0.32183908
0.058168,1,7,0.142857143
0.166812,22,77,0.285714286
0.017175,0,3,0
0.044237,4,11,0.363636364
0.089482,0,4,0
0.041434,16,58,0.275862069
0.043489,50,120,0.416666667
0.234082,0,2,0
0.025318,110,377,0.291777188
0.036854,3,13,0.230769231
0.073632,38,91,0.417582418
0.161515,126,779,0.161745828
0.276026,30,164,0.182926829
0.02092,15,61,0.245901639
0.017368,0,2,0
0.060746,21,78,0.269230769
0.107143,0,6,0
0.027217,78,389,0.200514139
0.053529,9,21,0.428571429
0.024028,5,25,0.2
0.101112,1,2,0.5
0.125656,160,741,0.215924426
0.033864,130,527,0.246679317
0.234404,0,2,0
0.020097,0,1,0
0.058554,0,3,0
0.065407,495,1862,0.265843179
0.014858,0,1,0
0.033426,201,1085,0.185253456
0.312348,0,4,0
0.037629,2,11,0.181818182
0.036304,1,14,0.071428571
0.043274,1,11,0.090909091
0.016396,0,2,0
0.080408,0,3,0
0.129437,5,19,0.263157895
0.100951,1,5,0.2
0.024815,11,48,0.229166667
0.066667,2860,20585,0.138936119
0.064401,9,39,0.230769231
0.016201,0,1,0
0.139876,142,645,0.220155039
0.116073,7,20,0.35
0.218218,459,3378,0.135879218
0.047193,2,7,0.285714286
0.144673,304,1406,0.216216216
0.017137,0,1,0
0.030272,0,1,0
0.044412,2,9,0.222222222
0.06689,1,1,1
0.042486,1,3,0.333333333
0.102937,1,8,0.125
0.079134,1,1,1
0.108465,5264,40761,0.129143053
0.022162,0,10,0
0.036792,3,16,0.1875
0.016748,0,1,0
0.030324,0,1,0
0.032487,0,2,0
0.014502,0,1,0
0.01998,2,19,0.105263158
0.031544,176,965,0.18238342
0.046727,5,9,0.555555556
0.037398,408,2575,0.158446602
0.038837,2,12,0.166666667
0.086306,1,1,1
0.024656,59,250,0.236
0.016473,0,1,0
0.11767,168,722,0.232686981
0.025359,70,271,0.258302583
0.043748,42,122,0.344262295
0.034381,0,2,0
0.021822,17,68,0.25
0.015136,0,6,0
0.028307,46,181,0.254143646
0.018791,7,13,0.538461538
0.019202,9,68,0.132352941
0.098473,0,1,0
0.016552,1,1,1
0.072357,60,225,0.266666667
0.03469,2,5,0.4
0.080845,85,360,0.236111111
0.01702,0,1,0
0.108625,2,2,1
0.036185,2,9,0.222222222
0.025906,143,459,0.311546841
0.028748,114,586,0.194539249
0.093934,48,155,0.309677419
0.019281,5,15,0.333333333
0.04701,86,257,0.33463035
0.157329,0,1,0
0.019749,0,3,0
0.043906,70,215,0.325581395
0.026956,0,1,0
0.025717,18,56,0.321428571
0.088131,1902,8920,0.2132287
0.055556,755,3812,0.198058762
0.093659,130,617,0.210696921
0.016265,0,1,0
0.071889,1,3,0.333333333
0.086603,30,102,0.294117647
0.030542,89,340,0.261764706
0.01936,5,8,0.625
0.047606,104,349,0.297994269
0.074767,20,43,0.465116279
0.040867,26,79,0.329113924
0.025126,11,42,0.261904762
0.042592,22,77,0.285714286
0.033218,0,1,0
0.496139,24,177,0.13559322
0.021072,3,8,0.375
0.107482,0,4,0
0.027369,95,449,0.211581292
0.071842,869,3611,0.240653559
0.193347,1,2,0.5
0.036067,5,17,0.294117647
0.050475,139,430,0.323255814
0.016903,0,3,0
0.020481,1,8,0.125
0.105802,3,5,0.6
0.04398,0,3,0
0.090351,1173,5561,0.210933285
0.100167,1,1,1
0.0254,83,312,0.266025641
0.061885,6,14,0.428571429
0.019209,1,13,0.076923077
0.312772,34,238,0.142857143
0.038866,0,1,0
0.02111,4,15,0.266666667
0.03175,113,484,0.233471074
0.097014,1739,8716,0.199518128
0.065033,1,1,1
0.027775,0,1,0
0.041812,393,1759,0.223422399
0.049311,203,618,0.328478964
0.328798,0,1,0
0.032686,96,395,0.243037975
0.019299,3,10,0.3
0.034125,1,1,1
0.088561,1174,5630,0.208525755
0.033113,137,428,0.320093458
0.039036,4,17,0.235294118
0.176166,441,2470,0.17854251
0.094304,2,3,0.666666667
0.020761,12,77,0.155844156
0.348155,0,7,0
0.080611,10,54,0.185185185
0.099123,2,7,0.285714286
0.430331,1,4,0.25
0.026997,31,124,0.25
0.187317,2,10,0.2
0.156174,383,2236,0.171288014
0.188982,1831,18575,0.098573351
0.017722,1,1,1
0.111586,2,8,0.25
0.035494,2,7,0.285714286
0.032844,0,1,0
0.037796,681,3500,0.194571429
0.059005,1,2,0.5
0.206284,0,5,0
0.113961,299,1382,0.216353111
0.068024,6,11,0.545454545
0.039645,26,74,0.351351351
0.027067,108,474,0.227848101
0.035333,1,3,0.333333333
0.084972,0,1,0
0.154919,365,1549,0.235635894
0.021186,1,14,0.071428571
0.036155,395,2210,0.178733032
0.029062,59,213,0.276995305
0.01788,0,2,0
0.110305,1,7,0.142857143
0.036811,1,9,0.111111111
0.018618,4,19,0.210526316
0.025441,71,297,0.239057239
0.02688,15,68,0.220588235
0.092144,82,224,0.366071429
0.040791,1,1,1
0.020141,7,38,0.184210526
0.1283,1,4,0.25
0.48795,0,2,0
0.152944,0,3,0
0.034555,3,15,0.2
0.080064,1654,10673,0.154970486
0.10451,2,11,0.181818182
0.026491,66,306,0.215686275
0.127688,4,22,0.181818182
0.071958,0,1,0
0.018427,2,9,0.222222222
0.138013,2618,15822,0.165465807
0.132599,4,18,0.222222222
0.041613,18,60,0.3
0.466252,1,7,0.142857143
0.04598,6,16,0.375
0.02687,94,466,0.201716738
0.058004,0,2,0
0.221163,34,179,0.189944134
0.016713,0,2,0
0.086066,3807,31663,0.120234975
0.018152,3,10,0.3
0.046752,61,211,0.289099526
0.154303,342,2083,0.16418627
0.0533,919,4586,0.200392499
0.026135,17,85,0.2
0.054313,7,40,0.175
0.096324,65,264,0.246212121
0.027692,31,123,0.25203252
0.030787,197,953,0.206715635
0.022206,10,22,0.454545455
0.117041,233,1298,0.179506934
0.015162,0,5,0
0.03686,234,929,0.251883746
0.093352,0,1,0
0.163299,3121,20804,0.150019227
0.029881,226,1090,0.20733945
0.03156,88,373,0.235924933
0.018699,1,6,0.166666667
0.037088,0,2,0
0.142374,18,56,0.321428571
0.058835,4,7,0.571428571
0.054333,222,719,0.30876217
0.304997,1,6,0.166666667
0.113715,3,12,0.25
0.183804,0,1,0
0.023014,14,32,0.4375
0.273861,416,3135,0.132695375
0.16169,0,2,0
0.035607,4,13,0.307692308
0.344265,40,217,0.184331797
0.036699,2,3,0.666666667
0.066082,20,83,0.240963855
0.127205,0,1,0
0.023505,28,153,0.183006536
0.264906,0,8,0
0.13408,10,27,0.37037037
0.026968,114,468,0.243589744
0.102899,78,273,0.285714286
0.059496,294,1163,0.252794497
0.033287,0,1,0
0.18334,0,2,0
0.020182,1,17,0.058823529
0.026064,23,82,0.280487805
0.02008,10,60,0.166666667
0.02357,30,144,0.208333333
0.055132,5,14,0.357142857
0.073521,3552,28405,0.125048407
0.018468,0,1,0
0.048393,2,10,0.2
0.039621,0,1,0
0.270501,0,1,0
0.018582,8,21,0.380952381
0.020906,5,24,0.208333333
0.028916,39,184,0.211956522
0.109682,2,10,0.2
0.092499,1,2,0.5
0.025786,12,52,0.230769231
0.016308,2,2,1
0.019518,2,16,0.125
0.033497,1,2,0.5
0.152832,9,31,0.290322581
0.048057,5,21,0.238095238
0.058443,3,8,0.375
0.018898,4,14,0.285714286
0.050379,6,16,0.375
0.098693,6,9,0.666666667
0.034868,2,5,0.4
0.165145,375,1879,0.199574242
0.019597,0,1,0
0.044677,3,12,0.25
0.016879,1,5,0.2
0.038454,3,12,0.25
0.017087,0,1,0
0.103142,255,1177,0.216652506
0.020533,4,6,0.666666667
0.114043,1,5,0.2
0.019582,1,2,0.5
0.040032,288,1286,0.223950233
0.021418,17,59,0.288135593
0.120873,4,27,0.148148148
0.139262,4,14,0.285714286
0.02299,8,32,0.25
0.319801,54,308,0.175324675
0.181568,1,1,1
0.110702,0,1,0
0.061365,0,7,0
0.02665,26,78,0.333333333
0.023376,25,121,0.20661157
0.066162,0,1,0
0.020726,3,12,0.25
0.072761,13,36,0.361111111
0.049326,10,31,0.322580645
0.022519,14,46,0.304347826
0.046676,8,25,0.32
0.132842,143,673,0.212481426
0.071187,0,1,0
0.097027,6,14,0.428571429
0.234261,24,140,0.171428571
0.242536,308,2741,0.112367749
0.122859,2840,15619,0.181829823
0.022846,7,19,0.368421053
0.04004,9,42,0.214285714
0.021091,2,8,0.25
0.132453,321,1803,0.178036606
0.086423,24,102,0.235294118
0.052523,150,521,0.287907869
0.041487,5,14,0.357142857
0.19868,15,94,0.159574468
0.037012,261,1486,0.1756393
0.060084,13,49,0.265306122
0.068376,36,65,0.553846154
0.026688,16,71,0.225352113
0.11452,2823,15033,0.187786869
0.09167,144,679,0.212076583
0.057544,16,54,0.296296296
0.039968,0,1,0
0.017984,1,1,1
0.087811,2,4,0.5
0.02447,33,169,0.195266272
0.030151,275,1149,0.239338555
0.083918,81,336,0.241071429
0.090007,0,2,0
0.038888,4,19,0.210526316
0.06207,1,1,1
0.069631,549,2007,0.273542601
0.020429,2,11,0.181818182
0.018781,6,15,0.4
0.090167,147,642,0.228971963
0.090249,27,102,0.264705882
0.121268,1528,12031,0.127005236
0.087631,0,5,0
0.056695,0,1,0
0.062966,2,9,0.222222222
0.018506,1,8,0.125
0.030042,55,162,0.339506173
0.028772,35,168,0.208333333
0.029617,179,928,0.192887931
0.115728,3,14,0.214285714
0.243432,37,182,0.203296703
0.016807,1,5,0.2
0.058332,0,4,0
0.045835,634,2732,0.232064422
0.0657,1,5,0.2
0.078087,1341,8480,0.158136792
0.044901,439,2113,0.207761477
0.050189,1,12,0.083333333
0.118217,4,12,0.333333333
0.099381,1539,7732,0.199042938
0.026764,15,57,0.263157895
0.076139,762,3121,0.244152515
0.327327,16,151,0.105960265
0.076767,0,1,0
0.218797,33,173,0.190751445
0.096561,0,1,0
0.044632,0,7,0
0.022657,6,18,0.333333333
0.055328,0,1,0
0.020064,2,2,1
0.071067,57,232,0.245689655
0.078514,17,55,0.309090909
0.065653,1370,7772,0.176273803
0.075864,880,3715,0.236877524
0.02225,36,144,0.25
