cos	nums
0.0	98737
0.125	2473
0.0625	1509
1.0	0
0.027196	19
0.057735	2815
0.014768	0
0.114286	2
0.031879	48
0.02065	12
0.072607	0
0.016254	0
0.022911	47
0.5	157
0.051164	3
0.116775	111
0.271163	1
0.149256	7
0.043561	2
0.1557	2805
0.031408	0
0.048507	1208
0.027037	13
0.026389	23
0.052889	153
0.164677	13
0.052058	9
0.216506	16
0.054233	2508
0.018137	9
0.081379	96
0.133038	0
0.021744	13
0.030303	0
0.038808	260
0.159719	0
0.102598	5714
0.3114	22
0.023415	7
0.02268	3
0.015587	1
0.023218	25
0.033005	0
0.060166	344
0.054074	8
0.043234	718
0.01511	0
0.016991	0
0.104116	0
0.014809	0
0.083077	0
0.030686	1
0.214423	1
0.057143	324
0.136931	223
0.055641	9
0.038691	310
0.022361	23
0.029553	171
0.116199	1
0.043602	0
0.319438	1
0.09105	0
0.021642	20
0.017474	1
0.307148	0
0.021248	13
0.059062	0
0.25	1058
0.0177	0
0.081111	1744
0.058124	1071
0.031174	0
0.074074	1
0.063246	1732
0.046436	56
0.016214	0
0.015394	1
0.018949	1
0.070321	5
0.017421	1
0.091457	3
0.512989	1
0.070418	6
0.068555	25
0.094398	41
0.03022	161
0.091799	1
0.055999	0
0.016129	1
0.020498	10
0.019407	2
0.060302	2261
0.064957	30
0.212298	47
0.047891	483
0.019448	0
0.140546	10
0.22188	11
0.021668	14
0.5547	1
0.029235	126
0.039873	0
0.036539	1
0.025254	9
0.018161	1
0.045883	993
0.047511	4
0.077771	0
0.07036	34
0.042885	25
0.054012	0
0.104132	96
0.088999	1385
0.077382	89
0.228218	0
0.016915	1
0.045038	2
0.018349	3
0.068701	0
0.061546	830
0.019861	2
0.036886	318
0.015891	0
0.026774	68
0.037062	191
0.035737	0
0.120386	255
0.051793	0
0.046176	3
0.023408	25
0.0153	0
0.1159	151
0.032342	115
0.14462	2
0.046209	1
0.045787	3
0.310087	0
0.029311	75
0.033634	134
0.109109	1586
0.103695	180
0.209529	401
0.088658	19
0.031798	0
0.016952	1
0.034684	2
0.098623	1
0.015084	1
0.040291	309
0.062217	5
0.024084	10
0.127451	1
0.062177	0
0.085749	1448
0.044151	5
0.117698	6
0.027735	126
0.089667	1
0.029931	0
0.017387	0
0.019627	0
0.01866	5
0.023313	24
0.091928	28
0.025924	21
0.112464	0
0.173422	1
0.0519	160
0.162623	6
0.021592	12
0.030124	1
0.015179	4
0.046078	12
0.088889	1
0.06785	4
0.117489	2
0.108266	2
0.135147	0
0.326599	31
0.06044	355
0.030203	1
0.021082	11
0.019021	1
0.045268	542
0.048912	9
0.069468	8
0.062486	3
0.041389	22
0.044329	0
0.033903	289
0.203859	16
0.031039	0
0.0545	0
0.088453	1
0.017775	0
0.040996	695
0.019952	0
0.09325	5510
0.047206	73
0.0424	24
0.069561	4
0.065156	7
0.055375	0
0.148522	10
0.074883	12
0.034842	1
0.016529	1
0.201619	0
0.063758	16
0.133705	2
0.017314	0
0.139347	0
0.14072	0
0.044065	839
0.017656	1
0.077075	19
0.029463	70
0.032233	1
0.033672	1
0.060833	0
0.03698	4
0.023002	32
0.030289	127
0.044766	2
0.222222	0
0.039223	386
0.044023	367
0.055258	186
0.119791	4
0.020567	1
0.061494	1
0.170389	406
0.174574	13
0.127228	10
0.03383	2
0.021393	13
0.018673	1
0.016678	1
0.054366	0
0.055805	0
0.039261	6
0.031129	64
0.023636	31
0.153574	2
0.096169	1
0.098533	212
0.01963	5
0.017541	8
0.019188	1
0.052105	0
0.207614	0
0.067677	6
0.017125	0
0.055141	0
0.031782	214
0.082416	27
0.026038	56
0.074352	1
0.089109	1
0.056077	23
0.038069	425
0.071816	6
0.214834	588
0.078811	74
0.041274	0
0.67082	14
0.097231	1
0.014149	0
0.034763	0
0.021863	0
0.019492	0
0.125863	1
0.01996	1
0.0306	71
0.135457	0
0.060096	0
0.070244	0
0.031623	274
0.031273	1
0.12006	7
0.019217	10
0.063088	459
0.142314	7
0.030206	59
0.083624	144
0.028571	124
0.016064	0
0.033591	0
0.144338	1775
0.140642	303
0.141421	7025
0.021557	3
0.017582	2
0.026584	85
0.068323	0
0.322749	2
0.019375	2
0.067335	6
0.027907	37
0.064685	33
0.022333	14
0.018865	2
0.014178	0
0.121999	5
0.066832	5
0.02863	192
0.037729	0
0.123797	0
0.023237	3
0.087482	2
0.050818	1
0.176777	1842
0.027054	1
0.050315	1350
0.163517	0
0.191785	28
0.027166	93
0.063404	395
0.104865	0
0.181071	0
0.037769	0
0.117954	3
0.184289	186
0.040423	247
0.07763	0
0.046065	67
0.042524	0
0.015956	0
0.098773	1754
0.559017	1
0.05547	1790
0.061301	1
0.094412	1
0.101437	2
0.030517	1
0.037905	162
0.084785	0
0.016112	0
0.022305	25
0.226779	645
0.090951	1
0.035898	105
0.080904	42
0.408248	186
0.031923	0
0.060523	29
0.051848	795
0.205196	4643
0.025298	1
0.036948	4
0.030949	54
0.126323	4
0.1038	2
0.076822	11
0.066178	5
0.016845	0
0.023864	9
0.022727	3
0.013316	0
0.1875	21
0.105409	4994
0.019668	2
0.20937	8
0.061559	1
0.020833	5
0.100223	4
0.094809	1873
0.062828	0
0.083333	1604
0.022987	0
0.025516	15
0.124939	1
0.052342	1395
0.057789	3
0.030773	71
0.102095	0
0.260378	0
0.0647	7
0.136223	151
0.019522	0
0.130466	4688
0.111803	8685
0.070186	59
0.088465	50
0.041239	260
0.059628	357
0.032835	1
0.095211	0
0.020477	8
0.101593	1
0.017664	1
0.534522	1
0.106	198
0.060858	2134
0.033403	0
0.243975	0
0.102869	0
0.447214	1511
0.03555	4
0.745356	1
0.06415	57
0.033014	0
0.112022	4
0.054919	0
0.105593	5
0.057639	19
0.107872	2
0.032991	0
0.099801	1
0.0795	1
0.020515	2
0.019687	1
0.047878	69
0.122885	5
0.197066	1
0.063372	26
0.134164	160
0.015119	0
0.16	5
0.015875	0
0.0636	1
0.071247	24
0.074329	51
0.033172	0
0.025198	39
0.02199	10
0.050236	103
0.023783	7
0.01669	1
0.062351	1
0.019418	3
0.075569	1
0.015476	0
0.028808	144
0.094072	172
0.073922	50
0.02132	7
0.022272	7
0.017975	1
0.018939	3
0.10113	64
0.034026	0
0.025039	39
0.018952	19
0.121666	4
0.07705	0
0.237356	0
0.131991	1
0.043769	2
0.072369	1
0.029722	51
0.072787	807
0.058891	0
0.019174	1
0.035202	0
0.136399	4896
0.032552	1
0.060578	316
0.030254	2
0.071673	0
0.02	1
0.086793	1
0.177471	1
0.019302	0
0.120913	0
0.066291	0
0.070535	48
0.059549	24
0.110516	0
0.098324	1
0.0261	17
0.218543	30
0.12257	2
0.034837	168
0.078146	1338
0.246183	3
0.034149	1
0.024289	24
0.161296	21
0.031842	1
0.066519	39
0.02742	93
0.056048	0
0.019574	3
0.073302	21
0.014163	0
0.421637	35
0.068002	605
0.042786	28
0.107096	1
0.01786	1
0.029601	3
0.043696	40
0.294884	0
0.018844	3
0.044499	869
0.055577	248
0.025734	62
0.020121	16
0.034421	135
0.150649	6
0.100279	98
0.021296	16
0.063729	1
0.031027	1
0.023736	30
0.022559	19
0.030824	1
0.13159	0
0.121157	7
0.095637	2
0.053357	269
0.122169	380
0.122068	9
0.035082	1
0.037743	2
0.019811	0
0.024168	8
0.138426	15
0.042757	0
0.143223	3778
0.022751	3
0.015796	0
0.03949	6
0.233126	0
0.09934	1
0.015915	1
0.032376	0
0.018303	2
0.031296	0
0.052076	166
0.027237	30
0.184637	25
0.168281	8
0.106714	1
0.031265	1
0.020349	6
0.01472	0
0.03089	68
0.034737	1
0.018932	5
0.017645	0
0.01765	0
0.350823	42
0.035383	6
0.071408	12
0.126773	185
0.020162	7
0.266667	17
0.027472	106
0.060733	2
0.08554	25
0.036736	2
0.247436	1
0.016655	0
0.037823	7
0.017501	1
0.022537	0
0.127343	178
0.043073	0
0.041748	24
0.036334	4
0.064625	1
0.053074	1890
0.089331	1
0.032359	281
0.062284	4
0.325396	293
0.054554	728
0.016485	0
0.049629	12
0.019672	1
0.07417	0
0.066098	5
0.042295	6
0.26968	3263
0.042409	416
0.096825	52
0.046072	1
0.09245	104
0.104973	0
0.068359	35
0.060181	3
0.099723	34
0.024282	2
0.036606	4
0.089009	0
0.060412	22
0.02387	31
0.167248	0
0.044281	911
0.109545	84
0.016451	0
0.021054	4
0.015277	0
0.033567	2
0.053936	337
0.041559	5
0.058026	13
0.436436	0
0.052778	12
0.095564	0
0.020203	4
0.085057	3
0.15	287
0.088345	0
0.111417	71
0.054153	8
0.114208	152
0.115711	4
0.417029	3
0.058977	390
0.071714	6
0.029282	0
0.100314	1
0.039253	2
0.035164	2
0.028973	0
0.031189	87
0.029864	0
0.056493	1
0.036126	2
0.020695	6
0.08165	3513
0.03345	0
0.017667	0
0.015458	0
0.231869	0
0.053986	0
0.122988	161
0.040859	1
0.063036	3
0.014833	0
0.030261	82
0.107211	282
0.061314	36
0.036761	533
0.01838	3
0.024254	36
0.02967	48
0.020261	1
0.163908	499
0.097849	59
0.017705	9
0.054188	1
0.059444	17
0.08528	1443
0.041169	562
0.018925	1
0.20498	3
0.16843	0
0.028284	147
0.033333	379
0.10328	2334
0.101361	1
0.080322	4086
0.018334	3
0.152302	7
0.080257	0
0.06143	2730
0.058321	12
0.057166	18
0.066227	1227
0.071755	1
0.024434	36
0.01618	0
0.041082	13
0.020048	2
0.137361	293
0.044588	2
0.064033	4
0.025063	10
0.049922	127
0.049622	0
0.178885	2944
0.121806	1
0.039841	481
0.073855	16
0.034427	0
0.025889	10
0.157622	1
0.091627	0
0.025692	43
0.017001	1
0.022502	30
0.060933	0
0.155543	15
0.031388	154
0.018007	2
0.11094	2474
0.059643	2
0.124635	4
0.080524	1
0.050063	5
0.028958	0
0.197814	654
0.140488	9
0.040202	31
0.056949	1
0.307794	541
0.049266	800
0.091077	41
0.208013	9
0.069421	647
0.19803	1
0.139482	0
0.103264	3
0.098176	2440
0.035749	0
0.181902	7
0.053225	5
0.071796	39
0.023596	4
0.077324	0
0.227429	0
0.045644	1462
0.01718	0
0.097129	172
0.06396	3
0.196352	29
0.121046	0
0.020888	3
0.084382	1
0.063457	2
0.033482	172
0.08461	0
0.092057	118
0.099504	166
0.01705	1
0.025582	18
0.017857	1
0.057364	0
0.070515	10
0.061898	20
0.026958	27
0.056443	1
0.018683	0
0.073621	1
0.062124	1
0.180187	1
0.106904	2472
0.175562	17
0.086874	1354
0.043193	406
0.202031	1
0.280056	1
0.020829	11
0.018092	0
0.029715	0
0.03352	241
0.020195	2
0.031976	0
0.13525	14
0.036179	206
0.082323	0
0.059365	453
0.15396	8
0.022097	7
0.137604	2
0.015145	0
0.028583	38
0.06704	394
0.022184	4
0.096623	2
0.071837	1
0.105851	1
0.023689	0
0.200446	22
0.033558	110
0.189618	25
0.044173	44
0.53033	7
0.061237	2
0.024427	18
0.261712	1
0.066034	0
0.246932	1
0.188144	0
0.135613	4
0.034816	317
0.059409	1
0.050637	1418
0.141737	17
0.178017	21
0.017342	1
0.038597	5
0.035834	5
0.566947	12
0.022222	27
0.029004	0
0.044834	111
0.035921	315
0.286039	598
0.084705	1
0.070167	0
0.117192	4
0.02882	38
0.100791	1
0.016843	0
0.022195	19
0.02087	4
0.053283	0
0.033845	2
0.269408	40
0.042333	0
0.308607	2
0.082867	0
0.096573	46
0.037431	4
0.025094	10
0.082956	1
0.072884	1
0.044992	3
0.020447	1
0.022006	22
0.10171	66
0.019426	7
0.064327	2
0.066853	559
0.043895	5
0.130312	229
0.013955	1
0.217186	0
0.056776	0
0.090815	1414
0.059131	17
0.035328	1
0.017418	0
0.116445	3955
0.018418	2
0.07303	600
0.056344	2173
0.118211	2
0.076847	2
0.034627	0
0.023518	2
0.092253	1927
0.072976	8
0.109911	50
0.028398	197
0.02922	1
0.062869	25
0.024147	29
0.251976	1
0.028039	31
0.163984	18
0.107417	94
0.034275	5
0.052664	0
0.137505	8
0.033241	211
0.02765	30
0.039186	12
0.286299	0
0.038984	1
0.211289	0
0.159	21
0.093205	2
0.023162	11
0.1676	0
0.032858	0
0.026822	90
0.035714	220
0.372678	0
0.067625	0
0.096225	1596
0.016274	1
0.018455	0
0.056911	284
0.036515	339
0.268328	472
0.049767	133
0.071919	14
0.039344	0
0.042108	279
0.053644	197
0.025158	48
0.230633	0
0.01557	1
0.028868	218
0.090536	129
0.019858	0
0.030069	1
0.124035	6336
0.134704	9
0.024769	39
0.022119	3
0.068199	3012
0.020563	8
0.032444	245
0.050833	11
0.100472	1
0.035991	151
0.015962	0
0.03338	2
0.01716	1
0.091406	2
0.019157	4
0.038405	0
0.177705	281
0.132068	3
0.073127	51
0.047405	938
0.121447	0
0.026612	22
0.081312	1018
0.087538	1
0.105736	60
0.017767	1
0.106752	1
0.136083	379
0.045691	3
0.055902	3277
0.051813	141
0.074796	1042
0.038173	10
0.141108	7
0.121988	0
0.026307	59
0.041213	19
0.058277	0
0.20226	341
0.034021	135
0.021597	6
0.060424	0
0.19696	25
0.10056	75
0.016096	0
0.243332	31
0.034199	258
0.050078	125
0.032827	86
0.030168	1
0.023905	39
0.05341	0
0.060971	24
0.026352	79
0.033036	0
0.061085	1286
0.019842	11
0.061199	20
0.024731	31
0.030032	0
0.019121	2
0.087149	23
0.151186	4522
0.043519	398
0.033976	0
0.052632	10
0.130814	3
0.018732	0
0.272798	46
0.038348	724
0.070632	1
0.415227	1
0.019889	2
0.078193	0
0.021437	1
0.091168	1
0.027343	0
0.070129	11
0.069007	2476
0.037582	183
0.085868	2
0.018078	0
0.030994	0
0.153393	3211
0.034529	2
0.258199	4735
0.074651	13
0.021344	13
0.037171	3
0.026679	113
0.015497	0
0.065779	25
0.111187	1
0.01729	2
0.031883	2
0.098924	3
0.147087	15
0.046004	97
0.0522	4
0.017903	3
0.042737	23
0.092376	0
0.019139	0
0.016044	0
0.064775	9
0.077267	939
0.029019	1
0.021926	15
0.036226	0
0.044721	1221
0.086459	1
0.068915	10
0.395285	1
0.070948	0
0.194029	6
0.059526	0
0.021537	7
0.088273	56
0.194257	2
0.866025	0
0.024845	80
0.313112	1
0.06864	1
0.092131	1
0.055048	1287
0.016737	3
0.021148	5
0.125109	250
0.201008	2
0.051187	0
0.179284	398
0.676123	13
0.028823	3
0.774597	0
0.021617	21
0.039148	8
0.033734	1
0.177123	9
0.279508	0
0.05145	0
0.017778	0
0.02037	11
0.015752	0
0.04897	5
0.087781	1
0.079472	27
0.037529	470
0.046324	2
0.053995	7
0.029566	47
0.228748	34
0.013941	0
0.113228	284
0.037477	180
0.020146	1
0.04207	672
0.053606	888
0.060984	5
0.016701	0
0.047946	1178
0.079556	76
0.027267	80
0.138675	1670
0.034711	288
0.025118	57
0.045584	111
0.190347	2
0.113067	3
0.079167	1
0.055364	262
0.0812	21
0.071474	0
0.037203	0
0.051503	2
0.021693	16
0.038139	5
0.03405	1
0.032725	1
0.248069	2860
0.02921	86
0.057496	285
0.06	2
0.065528	0
0.088779	1
0.062994	1159
0.029013	47
0.037864	6
0.170005	0
0.052164	136
0.046881	1133
0.1066	2090
0.020708	0
0.028943	5
0.060547	1
0.118958	8
0.07746	12
0.07144	0
0.179787	26
0.048622	23
0.034581	0
0.01992	2
0.020362	1
0.064475	4
0.1905	17
0.020943	15
0.174078	342
0.086548	1
0.028793	1
0.068644	18
0.020434	4
0.136797	3
0.032769	0
0.019132	1
0.107694	5
0.042544	31
0.029683	140
0.632456	65
0.047351	11
0.39036	18
0.020294	1
0.081469	2
0.031944	346
0.082261	36
0.048168	3
0.062691	1
0.030535	1
0.03288	252
0.244339	0
0.020784	6
0.061047	0
0.036466	201
0.136004	5
0.037235	2
0.023287	5
0.045466	72
0.075391	0
0.0353	1
0.130558	7
0.05988	1
0.108866	2
0.057856	346
0.028127	38
0.212132	566
0.024876	12
0.013546	0
0.093505	3
0.043183	42
0.032046	0
0.047338	89
0.192897	30
0.015717	0
0.067166	32
0.023262	3
0.121716	2978
0.191663	422
0.057312	0
0.128432	4
0.097333	47
0.201262	44
0.155113	3
0.079752	31
0.040324	521
0.038999	7
0.023891	4
0.073721	1586
0.105085	85
0.054944	268
0.048113	592
0.202444	1
0.03371	468
0.110727	1
0.022277	17
0.03331	1
0.056543	1
0.017262	0
0.038925	745
0.057928	10
0.083771	925
0.075593	3155
0.018621	10
0.01994	3
0.128624	8
0.081349	14
0.036917	4
0.022893	6
0.018458	6
0.269191	0
0.054393	10
0.199007	0
0.161955	16
0.074307	14
0.064718	539
0.039936	2
0.124568	143
0.57735	54
0.016632	0
0.023338	9
0.019642	3
0.0171	2
0.06506	422
0.041257	15
0.032075	81
0.128765	3
0.025616	26
0.017568	7
0.034632	1
0.025384	12
0.037365	3
0.038104	7
0.118993	4
0.177998	6
0.096424	5
0.041568	33
0.022316	1
0.040365	16
0.132196	270
0.064282	41
0.048381	0
0.115954	1
0.050572	3
0.030482	0
0.048154	149
0.046829	466
0.112687	2809
0.020345	1
0.02314	1
0.032026	157
0.108821	81
0.040689	383
0.147043	3390
0.596285	7
0.022588	18
0.063786	1
0.03849	478
0.034401	255
0.058521	899
0.027576	124
0.099779	1
0.089166	2
0.017277	1
0.160817	22
0.036662	140
0.017062	1
0.075473	10
0.057104	1
0.034752	199
0.047036	576
0.037662	416
0.034948	0
0.018966	9
0.071307	4
0.042305	32
0.072548	3242
0.017609	2
0.021012	18
0.124334	7
0.050718	222
0.055095	0
0.217643	562
0.071007	4
0.038561	3
0.022634	4
0.027077	36
0.06012	10
0.040406	14
0.090045	34
0.05747	2
0.10302	1
0.043284	46
0.037463	7
0.026841	24
0.3	278
0.110581	4
0.01827	1
0.071267	0
0.018738	0
0.036322	0
0.245718	5
0.086315	1
0.119051	127
0.044368	468
0.097445	1
0.014359	1
0.083853	23
0.172774	2
0.052422	0
0.018019	2
0.019881	2
0.057628	0
0.133103	6
0.042117	38
0.039467	1
0.232495	0
0.143019	307
0.188562	23
0.045703	105
0.032225	0
0.06215	1
0.03572	2
0.033879	0
0.062378	34
0.015617	0
0.080036	17
0.021739	1
0.044811	2
0.04625	66
0.049014	89
0.098653	1
0.106336	1
0.059868	26
0.052486	11
0.059339	1469
0.022675	21
0.020989	13
0.034325	2
0.040447	15
0.077254	0
0.158114	9458
0.017316	0
0.13901	0
0.107972	1
0.212238	1
0.048071	0
0.053033	0
0.1575	9
0.03992	5
0.142214	280
0.032108	193
0.078406	1
0.029666	0
0.034986	0
0.058058	1
0.076447	26
0.061754	2
0.059105	243
0.086772	1
0.018858	1
0.047458	625
0.112509	398
0.311086	0
0.114755	5
0.023769	47
0.102767	2
0.086031	1
0.04714	857
0.020779	5
0.050899	10
0.035533	169
0.014494	1
0.019353	2
0.11713	3
0.073019	0
0.075165	69
0.136364	8
0.298142	1688
0.033758	2
0.029569	2
0.114708	2278
0.059655	17
0.062419	3
0.04138	305
0.02178	5
0.048941	70
0.020455	7
0.152499	507
0.101666	0
0.072127	11
0.026279	21
0.077152	1196
0.033041	65
0.026082	41
0.124141	7
0.030806	0
0.362738	3
0.015702	0
0.079057	6029
0.054738	201
0.091766	2339
0.063285	0
0.076923	60
0.160644	5315
0.02002	4
0.387298	163
0.022406	3
0.058099	267
0.048002	4
0.048436	44
0.023363	11
0.056888	6
0.020224	11
0.120096	8
0.018209	1
0.256495	0
0.034075	3
0.224733	0
0.036274	560
0.065233	2756
0.078246	18
0.028645	0
0.29277	224
0.031485	0
0.019035	3
0.071027	0
0.024112	50
0.021874	28
0.46188	21
0.082572	19
0.014784	2
0.024938	11
0.015939	1
0.104542	0
0.086747	0
0.030015	136
0.023973	35
0.090443	0
0.017846	1
0.062348	0
0.016676	0
0.024544	52
0.053116	0
0.033473	1
0.029424	252
0.052796	170
0.033082	0
0.013799	0
0.022733	26
0.036668	1
0.019718	0
0.072442	5
0.063888	1964
0.045382	0
0.079682	836
0.089893	1471
0.021979	27
0.039043	338
0.103108	0
0.018004	1
0.090121	1
0.058666	1
0.183254	38
0.068465	19
0.017891	3
0.034565	0
0.15162	0
0.04489	63
0.075117	8
0.056121	279
0.045004	82
0.018197	3
0.020607	6
0.151729	15
0.081051	28
0.015901	0
0.181631	11
0.031311	280
0.031024	0
0.158735	16
0.033787	155
0.027524	139
0.019346	3
0.101929	2396
0.014072	0
0.028601	1
0.062167	406
0.030486	73
0.261116	24
0.371391	1
0.028083	40
0.07873	0
0.169791	17
0.438529	1
0.069673	50
0.047565	5
0.029948	211
0.206559	30
0.020998	2
0.040283	17
0.044012	131
0.036823	2
0.059895	331
0.165295	0
0.045823	53
0.138842	4
0.142857	362
0.014464	3
0.038669	12
0.019826	2
0.084017	89
0.017188	1
0.017376	1
0.044194	527
0.034606	297
0.324443	0
0.151523	11
0.024693	67
0.080978	1123
0.114992	3
0.022059	13
0.143592	1
0.426401	1
0.036442	0
0.03241	67
0.05007	0
0.104506	1
0.076323	6
0.078784	16
0.035267	155
0.033942	113
0.175412	3646
0.018831	1
0.020961	6
0.12792	218
0.018634	5
0.027141	0
0.119239	0
0.022294	7
0.018396	0
0.037139	344
0.090867	37
0.0219	24
0.114053	2
0.030514	1
0.027864	24
0.042164	31
0.02434	11
0.021105	17
0.0341	417
0.040953	22
0.01715	4
0.047075	67
0.023946	9
0.017264	0
0.031564	0
0.054636	1604
0.064253	3
0.052559	8
0.016407	0
0.045361	2
0.024969	6
0.113389	117
0.04264	685
0.037268	581
0.019104	3
0.038376	0
0.050157	119
0.015831	0
0.031722	0
0.137649	420
0.050125	11
0.020602	1
0.164399	377
0.027511	0
0.073411	6
0.086893	1
0.146385	152
0.167705	321
0.068111	5
0.042983	38
0.052623	1
0.041658	18
0.036244	5
0.016644	2
0.045118	45
0.107288	1
0.017112	0
0.02062	0
0.017528	1
0.172133	3806
0.027682	108
0.04222	4
0.053741	267
0.018288	1
0.043644	733
0.035466	260
0.016222	0
0.027485	0
0.070711	4031
0.100844	59
0.145693	18
0.026919	134
0.164646	9
0.017536	0
0.252982	46
0.050702	4
0.11873	6
0.032427	0
0.035191	1
0.05358	2
0.059702	3
0.057052	1
0.04828	2
0.225374	24
0.099177	66
0.065938	2618
0.084327	0
0.278543	17
0.0265	33
0.014899	0
0.13403	0
0.375	18
0.099449	47
0.296174	1
0.143674	5
0.026398	77
0.020113	1
0.102062	1970
0.400892	39
0.109888	2
0.019612	5
0.079493	0
0.032573	2
0.026463	20
0.34641	405
0.067116	38
0.047782	5
0.123091	296
0.106735	113
0.285714	0
0.032813	0
0.122474	125
0.075713	30
0.4	1026
0.039723	13
0.031009	326
0.039163	247
0.067763	12
0.01843	2
0.04131	0
0.064382	433
0.124515	0
0.279372	35
0.0532	0
0.067082	4
0.043685	470
0.022646	19
0.088235	0
0.195366	0
0.023113	31
0.016021	0
0.069749	5
0.046984	6
0.024907	8
0.023939	52
0.066482	440
0.241121	2
0.07408	7
0.034669	159
0.015671	0
0.139122	148
0.097706	0
0.081832	0
0.016431	0
0.050351	1
0.110432	233
0.091499	56
0.063671	4
0.028228	137
0.16265	0
0.08465	2
0.048868	102
0.076029	64
0.017972	1
0.098639	55
0.110282	63
0.349215	2
0.058387	0
0.04969	1075
0.048365	90
0.086468	1594
0.034179	123
0.04439	48
0.014649	0
0.019726	0
0.020874	18
0.02214	23
0.020815	3
0.038519	0
0.021969	1
0.02849	55
0.09848	5
0.025	47
0.038815	8
0.023544	12
0.173553	1
0.030751	0
0.021398	1
0.040962	329
0.059351	1
0.145521	163
0.032898	120
0.021378	1
0.092748	2022
0.073771	712
0.113137	0
0.084684	34
0.019764	0
0.016784	0
0.053548	227
0.035273	3
0.128154	7
0.01865	3
0.079612	34
0.034789	1
0.087287	1168
0.016609	0
0.056523	19
0.021359	3
0.056745	1
0.08667	1
0.086784	39
0.065859	16
0.084248	0
0.031373	76
0.051048	138
0.039406	243
0.028689	101
0.035852	1
0.088542	1
0.133498	72
0.021848	18
0.030831	85
0.040456	1
0.036576	1
0.056195	2
0.478091	35
0.093567	3
0.263523	1
0.084348	13
0.079195	22
0.038742	17
0.104006	6
0.017817	1
0.128037	358
0.041959	278
0.083984	2
0.184506	31
0.021517	27
0.017366	0
0.237023	0
0.128103	9
0.040614	13
0.074628	0
0.11847	2695
0.022113	12
0.049614	118
0.099228	2
0.019803	17
0.074125	45
0.021492	14
0.023473	87
0.108253	0
0.014801	0
0.039103	3
0.023389	7
0.027789	100
0.036364	1
0.032275	382
0.046575	3
0.082107	40
0.086711	75
0.023538	33
0.131306	447
0.129914	3
0.024325	39
0.0373	3
0.040064	0
0.106149	3385
0.015153	1
0.17178	299
0.060486	2
0.042211	19
0.174371	18
0.038236	176
0.0553	18
0.031497	111
0.052583	0
0.021719	17
0.05	1926
0.088697	1
0.166091	3804
0.02519	9
0.020897	13
0.103819	126
0.083045	4049
0.056682	290
0.028384	1
0.070033	17
0.111494	4
0.028456	112
0.040622	2
0.034922	462
0.155794	0
0.170996	1
0.047741	48
0.058222	1938
0.054133	301
0.017514	0
0.154713	25
0.024008	36
0.06576	453
0.035355	470
0.19245	453
0.070933	789
0.025031	13
0.018519	0
0.253546	284
0.291111	2
0.113822	4
0.018544	2
0.130931	147
0.017946	2
0.079305	71
0.112588	106
0.12088	3
0.108665	2
0.041345	619
0.020391	4
0.016922	0
0.018481	1
0.110657	98
0.017355	0
0.040927	1
0.016884	0
0.025416	12
0.019795	1
0.120605	3870
0.306186	35
0.016961	0
0.030185	0
0.109181	106
0.088852	32
0.023702	47
0.168763	25
0.072739	56
0.298807	0
0.068041	1288
0.019007	0
0.119713	3
0.102262	1
0.220193	31
0.029161	46
0.046499	48
0.033638	0
0.055385	7
0.113796	147
0.028964	36
0.163663	14
0.088302	1
0.108112	98
0.049938	6
0.220863	1
0.042601	2
0.027331	1
0.053537	0
0.015385	0
0.049207	4
0.032902	0
0.035624	147
0.020265	6
0.029111	222
0.100157	3
0.157243	15
0.095588	15
0.016211	1
0.089443	3605
0.075858	0
0.219971	0
0.02965	5
0.25049	43
0.076696	2884
0.084182	49
0.09066	48
0.058421	12
0.046778	15
0.452267	25
0.037496	4
0.07151	5
0.058722	1950
0.046225	347
0.049507	529
0.060796	1
0.172935	15
0.083722	0
0.105021	4
0.068853	0
0.037107	5
0.070491	520
0.023137	6
0.162221	499
0.145865	534
0.080992	0
0.062776	480
0.167132	0
0.062554	6
0.018443	1
0.021129	12
0.042954	3
0.030447	1
0.272166	1
0.017075	1
0.031446	0
0.054718	6
0.146549	4
0.018054	3
0.103626	0
0.042679	2
0.114374	5
0.149592	15
0.069655	5
0.093026	44
0.226455	2
0.051131	110
0.049029	752
0.016287	0
0.108148	0
0.082426	0
0.024001	11
0.024663	7
0.066915	4
0.186501	4985
0.40452	348
0.081923	87
0.057156	0
0.019537	3
0.049462	97
0.074536	4918
0.033059	189
0.092362	68
0.028537	39
0.059821	3
0.021796	18
0.020032	1
0.174667	593
0.017937	0
0.048795	1732
0.024807	57
0.263117	602
0.042448	681
0.147442	480
0.01708	1
0.027896	156
0.04354	30
0.081061	0
0.083406	1468
0.088388	2172
0.020412	10
0.089048	66
0.063443	1
0.048295	74
0.039684	545
0.345033	0
0.022451	13
0.127128	2
0.159223	433
0.040096	1
0.132686	1
0.050556	141
0.03637	165
0.021637	5
0.036484	0
0.067003	0
0.116642	0
0.024077	38
0.033544	1
0.122284	2
0.06868	1148
0.027563	1
0.122398	0
0.021243	2
0.074906	3
0.164845	0
0.039111	12
0.018798	3
0.015992	1
0.043153	2
0.016795	0
0.151911	307
0.302372	66
0.026171	102
0.118125	119
0.061288	1
0.029781	0
0.037596	3
0.023918	12
0.024603	7
0.021953	22
0.12315	6
0.031435	78
0.023803	102
0.029514	43
0.037075	0
0.422577	0
0.026726	94
0.073967	10
0.079333	14
0.024485	14
0.0541	1
0.160357	360
0.156386	15
0.062746	22
0.039778	281
0.016233	1
0.048564	547
0.056011	531
0.014825	1
0.0548	23
0.265372	2
0.049386	925
0.088083	36
0.051778	3
0.244949	541
0.03315	235
0.03125	109
0.045525	37
0.115045	151
0.042875	458
0.021948	4
0.017747	0
0.456435	3
0.042258	1276
0.047727	5
0.037878	0
0.043811	0
0.19104	0
0.078522	1
0.306786	69
0.022774	7
0.074444	0
0.516398	576
0.017303	2
0.025777	67
0.022383	6
0.021058	7
0.063844	0
0.019733	0
0.098907	56
0.108069	2
0.043033	1176
0.036588	0
0.023212	5
0.054456	1
0.016158	0
0.061028	1
0.017162	5
0.226134	23
0.20795	26
0.139272	6
0.099844	2
0.024784	33
0.094544	1
0.294174	43
0.127827	0
0.031427	1
0.051031	804
0.019499	1
0.11243	2
0.018167	0
0.13838	347
0.054841	202
0.076416	984
0.035806	523
0.029827	66
0.088238	0
0.082824	1
0.018993	26
0.180334	0
0.020016	1
0.025751	16
0.204124	1471
0.093377	0
0.111035	115
0.051299	2621
0.023676	8
0.037113	0
0.206041	9
0.239046	2905
0.061624	4
0.023281	18
0.148047	4
0.080582	88
0.105963	6
0.080241	0
0.016788	1
0.05726	1860
0.046424	566
0.022011	8
0.094632	35
0.019905	0
0.057977	254
0.102463	0
0.022617	19
0.089245	38
0.043592	32
0.104828	284
0.051571	747
0.02176	5
0.110096	1895
0.01349	0
0.022228	4
0.112243	1
0.029814	151
0.025222	12
0.123299	2
0.240966	653
0.019069	3
0.054882	885
0.262613	0
0.095059	2
0.239732	0
0.019657	0
0.060671	0
0.072654	6
0.046932	1
0.145479	1
0.064135	0
0.053168	231
0.031466	215
0.085126	112
0.035007	201
0.234888	34
0.066965	46
0.091526	1
0.069843	2750
0.045083	493
0.051988	1175
0.093386	1
0.04074	7
0.09794	2
0.01849	5
0.053623	0
0.01898	5
0.057522	1
0.176261	16
0.018319	0
0.255377	0
0.043937	1
0.076348	0
0.171341	7
0.017832	0
0.014681	1
0.021801	3
0.051726	198
0.209427	1
0.071554	0
0.050395	119
0.020541	25
0.070908	7
0.029696	0
0.062759	1
0.163956	1
0.037037	0
0.039801	18
0.073084	8
0.035777	1
0.088823	0
0.094868	50
0.018586	1
0.358057	1
0.066299	406
0.020797	1
0.015723	0
0.215353	15
0.059761	3886
0.018245	1
0.070273	508
0.27735	350
0.090466	0
0.142766	5
0.099689	2
0.077331	8
0.017595	2
0.06182	10
0.023669	28
0.032009	96
0.038313	4
0.100631	2990
0.114332	1
0.060193	802
0.02813	1
0.102778	0
0.068825	5
0.028352	37
0.055565	0
0.056245	0
0.076053	0
0.023125	30
0.089642	38
0.05795	0
0.020244	4
0.019192	3
0.043386	27
0.096872	0
0.131559	248
0.106399	131
0.12	102
0.02595	83
0.081499	33
0.131056	16
0.08073	0
0.099075	0
0.038014	195
0.019062	0
0.059584	1
0.13012	2
0.039567	21
0.025565	57
0.044475	0
0.047836	10
0.034975	0
0.104328	6
0.032325	0
0.046625	1945
0.018212	0
0.065543	9
0.085436	116
0.04	459
0.020286	7
0.342997	6
0.017636	0
0.040242	10
0.01544	0
0.666667	1
0.037165	216
0.110883	7
0.035522	2
0.263752	49
0.111111	222
0.116881	0
0.014849	1
0.381385	46
0.035109	6
0.10243	0
0.069375	10
0.018765	22
0.115385	2
0.039014	1
0.029907	0
0.056847	0
0.033389	0
0.019335	3
0.066336	0
0.076547	1
0.077981	24
0.022798	9
0.035863	3
0.043355	368
0.014887	1
0.025238	51
0.03673	3
0.01978	1
0.03408	1
0.026261	63
0.030179	0
0.096077	82
0.067591	3
0.018066	0
0.155417	0
0.542326	1
0.045349	49
0.083689	29
0.015608	1
0.912871	0
0.023033	46
0.091119	3
0.016352	0
0.024884	62
0.210819	2375
0.053838	1808
0.080452	1
0.015948	0
0.068802	496
0.031702	219
0.121466	188
0.036545	2
0.164957	0
0.095755	1
0.028256	0
0.377964	321
0.123738	6
0.024574	5
0.019017	1
0.021262	3
0.178174	2
0.157135	0
0.019703	0
0.017949	0
0.02004	3
0.015827	0
0.043959	20
0.180579	12
0.108536	5
0.078621	0
0.018885	1
0.131024	1
0.102538	4
0.109985	1
0.186989	0
0.024723	10
0.046274	3
0.104685	1951
0.022086	13
0.017889	0
0.220564	220
0.025549	17
0.069862	1
0.047471	77
0.052852	6
0.073274	663
0.018221	1
0.094118	0
0.365148	1513
0.021339	1
0.030429	242
0.620174	0
0.109435	0
0.223607	6968
0.072421	1
0.061285	343
0.028778	2
0.059293	4
0.156652	0
0.023344	40
0.060609	1
0.015303	0
0.030861	223
0.06742	4915
0.014793	1
0.056254	1123
0.424264	380
0.367607	0
0.063815	4
0.112987	70
0.021497	3
0.036961	186
0.017961	2
0.283981	2
0.246598	16
0.026216	73
0.01799	0
0.017761	2
0.033729	0
0.320256	1
0.076948	21
0.02006	9
0.027951	200
0.026387	1
0.017013	0
0.028262	29
0.079872	0
0.035028	312
0.191273	0
0.046524	2
0.018715	2
0.051112	0
0.227921	0
0.730297	12
0.056146	0
0.032951	1
0.039073	468
0.072932	1862
0.130189	411
0.080648	1145
0.027277	45
0.034001	377
0.045291	59
0.170251	0
0.109476	3
0.046562	58
0.101827	0
0.038292	1
0.022542	12
0.054056	0
0.16641	245
0.049237	83
0.054034	194
0.126745	2
0.109691	3
0.03434	149
0.018048	2
0.230089	678
0.021176	3
0.084895	1354
0.095106	65
0.019745	2
0.041523	894
0.01676	0
0.046738	0
0.019404	4
0.257248	38
0.07785	3141
0.033264	0
0.055517	2
0.039559	1
0.037242	0
0.111456	1
0.029361	326
0.048892	0
0.096309	0
0.017756	0
0.022473	83
0.102003	45
0.096589	1
0.162698	271
0.024913	1
0.032338	0
0.027156	30
0.018393	9
0.094281	1353
0.065795	37
0.106525	1
0.019245	12
0.033928	3
0.095831	43
0.030307	2
0.061869	607
0.085714	22
0.017434	1
0.075	13
0.0411	290
0.126809	3
0.046127	1036
0.249136	358
0.017525	0
0.090236	0
0.024754	11
0.100447	1
0.082903	0
0.072075	631
0.018107	2
0.028217	33
0.016976	1
0.074953	57
0.015811	0
0.05912	6
0.353553	413
0.016927	0
0.030657	128
0.027929	1
0.121967	134
0.055815	15
0.547723	120
0.030066	1
0.063119	51
0.014441	0
0.040161	859
0.050965	1795
0.026329	1
0.094597	2
0.100125	0
0.024398	42
0.29361	1
0.017408	0
0.08123	2
0.11722	229
0.02414	8
0.109068	2
0.026444	54
0.173749	13
0.015694	1
0.137199	6
0.019901	7
0.216169	1
0.017487	0
0.014479	0
0.043083	82
0.024633	9
0.066421	11
0.078903	1
0.215666	1
0.255551	24
0.260931	61
0.041478	20
0.044119	29
0.056294	1
0.137038	0
0.022822	51
0.132583	3
0.018818	0
0.024042	22
0.049752	515
0.232889	33
0.392232	3
0.022428	12
0.068394	0
0.014517	1
0.107676	2048
0.052981	177
0.053452	1702
0.029409	1
0.029894	0
0.029748	165
0.240772	1
0.045502	10
0.033408	130
0.030934	180
0.177332	0
0.035438	2
0.156293	24
0.076249	1985
0.016169	1
0.039314	0
0.014752	0
0.265165	25
0.094491	2004
0.056569	237
0.04461	41
0.026126	70
0.073324	65
0.091713	42
0.015952	0
0.075324	789
0.058596	334
0.019507	0
0.070057	592
0.150946	446
0.033962	0
0.109599	0
0.062084	1
0.028172	170
0.150329	1
0.101535	143
0.032296	0
0.106332	8
0.126211	163
0.044335	55
0.114624	95
0.098268	0
0.197546	28
0.095618	0
0.027778	40
0.082479	81
0.037932	367
0.021678	4
0.018554	1
0.053882	0
0.014199	1
0.75	0
0.051232	5
0.024425	0
0.214176	0
0.084116	1
0.099015	156
0.053	756
0.0178	2
0.04899	0
0.019593	4
0.105279	2
0.032682	1
0.056232	235
0.028513	131
0.024618	72
0.068843	45
0.015851	0
0.094679	2
0.034943	3
0.014434	1
0.175682	1
0.035136	223
0.081954	26
0.034249	2
0.16538	6
0.039762	7
0.083462	0
0.060718	342
0.082761	67
0.119737	1
0.038962	14
0.053262	252
0.6	59
0.020966	3
0.058346	326
0.070554	1
0.030557	1
0.041451	3
0.044108	0
0.033662	0
0.136505	0
0.033501	0
0.025649	73
0.116423	6
0.129777	4
0.033195	1
0.06725	26
0.057073	11
0.092848	1751
0.048737	4
0.169638	1
0.058948	0
0.019784	4
0.043437	656
0.01451	0
0.068904	0
0.025482	77
0.042934	37
0.018173	2
0.049862	0
0.125196	0
0.09759	4757
0.063628	29
0.045233	42
0.105045	1
0.109399	3
0.210352	1
0.074023	589
0.084234	1
0.894427	0
0.026316	29
0.056456	287
0.229039	23
0.016988	1
0.03432	0
0.290191	43
0.241209	58
0.049844	104
0.051949	1
0.023088	14
0.015542	0
0.165647	17
0.119952	0
0.043396	4
0.018666	1
0.017803	1
0.020211	2
0.02501	0
0.126176	3
0.056614	858
0.073367	0
0.058824	18
0.022792	22
0.020178	2
0.116692	6
0.0406	0
0.033357	2
0.043478	2
0.035002	1
0.055793	358
0.017025	0
0.030643	199
0.05595	0
0.089964	5
0.027179	0
0.071497	1
0.069213	806
0.081992	1446
0.118678	372
0.099558	1
0.193649	383
0.022338	5
0.024581	48
0.029699	4
0.030661	1
0.057896	0
0.072452	0
0.021272	11
0.316228	3749
0.077563	0
0.19518	3339
0.037372	249
0.041126	22
0.041922	0
0.231455	27
0.018233	4
0.040522	1
0.1	7176
0.205847	0
0.038001	1
0.016855	1
0.090582	0
0.106066	82
0.064889	443
0.018125	0
0.04103	0
0.326164	2
0.267261	385
0.074744	53
0.064216	381
0.047619	8
0.022869	5
0.051469	131
0.024225	6
0.152057	0
0.152894	231
0.016586	1
0.152277	13
0.018557	3
0.101015	145
0.044455	1
0.080466	31
0.042024	21
0.151446	0
0.045549	1
0.03783	7
0.086173	4
0.288675	707
0.03518	131
0.084819	93
0.03253	275
0.027116	172
0.041416	0
0.086966	34
0.047538	52
0.019052	8
0.157027	288
0.029377	0
0.032141	99
0.209657	0
0.042352	36
0.096674	189
0.180907	590
0.022076	10
0.121435	0
0.041849	0
0.021035	16
0.038706	7
0.061174	0
0.044947	761
0.098058	1696
0.016458	1
0.028355	1
0.021467	9
0.05164	1291
0.229416	618
0.014776	1
0.017612	0
0.038662	2
0.061721	277
0.027821	29
0.040555	422
0.069282	11
0.031863	213
0.04091	16
0.018042	0
0.092582	49
0.095346	4993
0.09811	66
0.053149	6
0.078567	64
0.165521	1
0.123443	3
0.790569	0
0.045739	1
0.066585	8
0.061689	2
0.02344	80
0.024507	44
0.039746	2
0.018474	1
0.035072	1
0.035875	1
0.065465	5
0.032747	0
0.037562	6
0.027566	26
0.357771	29
0.071107	11
0.016054	0
0.190693	4289
0.017493	2
0.02052	14
0.075761	2
0.389249	1
0.023729	4
0.022763	30
0.090618	3
0.031404	0
0.038851	17
0.149071	5671
0.161749	22
0.057354	1064
0.358569	436
0.02069	4
0.030083	125
0.040698	10
0.092803	40
0.321288	67
0.026029	26
0.038576	222
0.07259	0
0.075354	1
0.069636	1
0.066503	6
0.032129	0
0.018848	1
0.273179	0
0.019444	4
0.077615	110
0.024218	28
0.018257	1
0.092623	0
0.060048	0
0.113776	1
0.065622	2
0.027441	43
0.240192	40
0.170561	19
0.111154	2
0.23094	3535
0.056097	1
0.022917	13
0.051709	5
0.054473	17
0.120331	3
0.039881	10
0.20739	2
0.140981	6
0.015741	0
0.016148	0
0.022445	52
0.018113	1
0.052705	2311
0.031068	70
0.066815	1737
0.130744	0
0.083117	1
0.048224	1129
0.018185	3
0.06919	6
0.107366	0
0.021657	8
0.034478	0
0.021577	2
0.150756	1941
0.048853	9
0.090289	0
0.103757	2
0.035245	222
0.076151	1
0.036454	1
0.026537	102
0.013521	0
0.082339	1062
0.03092	0
0.035578	397
0.21693	2693
0.06003	252
0.023603	32
0.035692	379
0.040489	514
0.020672	8
0.189832	0
0.049088	1086
0.087706	3729
0.028913	3
0.038526	0
0.020278	5
0.148556	7
0.143444	1
0.021301	4
0.057831	19
0.032739	2
0.084667	1
0.179605	645
0.097642	0
0.062897	6
0.024961	55
0.07875	934
0.032478	108
0.039436	1
0.026575	26
0.068734	4
0.062622	2026
0.047977	0
0.049875	7
0.507093	165
0.6742	1
0.159364	4
0.051678	1
0.107075	64
0.075094	0
0.020378	3
0.018122	2
0.067217	0
0.036008	1
0.037987	2
0.111369	3
0.063387	1
0.098295	2
0.017733	2
0.016891	1
0.072169	1555
0.126491	2640
0.056393	0
0.019331	1
0.058926	1127
0.032969	337
0.125988	350
0.045944	72
0.04053	15
0.087519	44
0.017926	0
0.038419	6
0.018814	1
0.173205	311
0.031369	0
0.08978	1
0.035411	2
0.2	6035
0.082447	1
0.020655	2
0.139686	3114
0.056433	12
0.036394	353
0.01403	0
0.025863	67
0.033127	1
0.031802	0
0.036214	2
0.044777	111
0.070613	5
0.096449	2372
0.083588	0
0.018778	8
0.055216	680
0.30429	0
0.074193	4
0.04845	12
0.142134	2
0.041065	0
0.037763	3
0.13484	7326
0.027318	116
0.034658	0
0.01433	0
0.027815	0
0.033615	280
0.023156	23
0.044227	33
0.028341	150
0.046374	1278
0.119257	2
0.064416	23
0.025449	12
0.093477	50
0.259938	2
0.015982	1
0.053709	1
0.043335	27
0.069171	41
0.056166	11
0.120972	190
0.016667	2
0.023492	7
0.603023	0
0.045596	1
0.103882	1
0.066749	4
0.066018	5
0.079724	0
0.088045	109
0.021542	19
0.019371	1
0.076571	15
0.048085	68
0.071157	693
0.059235	2160
0.275241	1
0.019481	3
0.092494	0
0.015048	0
0.08171	0
0.057907	0
0.043727	1
0.23355	300
0.045222	5
0.189737	546
0.08589	29
0.181369	0
0.062932	284
0.017869	3
0.067729	36
0.028061	127
0.065079	4
0.026803	31
0.026619	0
0.049568	7
0.027204	0
0.018063	1
0.060241	7
0.072868	10
0.034879	1
0.027629	123
0.049538	119
0.034376	0
0.039904	288
0.08269	916
0.015467	0
0.051554	140
0.032509	0
0.015802	0
0.087601	0
0.184115	0
0.095893	2101
0.021567	13
0.022565	13
0.123718	4
0.153093	19
0.087333	42
0.065583	371
0.474342	177
0.041776	2
0.017461	0
0.01717	1
0.458831	2
0.069043	1
0.02381	7
0.056898	0
0.018282	5
0.032547	105
0.215166	1
0.14199	0
0.282843	2372
0.070809	11
0.084515	6558
0.06482	25
0.019462	7
0.125245	3216
0.034259	141
0.094916	174
0.038462	192
0.018748	0
0.075834	21
0.047298	6
0.213809	27
0.097301	0
0.039284	183
0.043133	60
0.040723	2
0.067884	28
0.06247	307
0.086387	133
0.067267	30
0.038895	1
0.193167	0
0.333333	263
0.167542	24
0.078446	836
0.235702	330
0.022881	49
0.077203	15
0.090909	149
0.053916	860
0.274721	0
0.019317	2
0.044856	2
0.021167	2
0.113592	2559
0.060363	1
0.074421	8
0.074278	774
0.206725	0
0.383482	2
0.084991	2
0.024515	17
0.063564	517
0.041931	16
0.032703	208
0.018647	1
0.019567	0
0.018242	0
0.0438	65
0.016772	1
0.061142	355
0.036014	2
0.063175	7
0.022704	28
0.755929	0
0.018725	0
0.040572	14
0.068599	460
0.041039	10
0.03832	2
0.089353	0
0.0343	235
0.016418	0
0.20702	396
0.061575	398
0.088736	117
0.057417	0
0.109272	2966
0.123466	0
0.128506	122
0.127775	2755
0.052414	905
0.034139	0
0.144639	1
0.0274	37
0.119523	6589
0.018602	0
0.485071	1
0.150117	14
0.090722	1
0.039193	3
0.072675	1
0.018294	2
0.114258	0
0.057001	0
0.140028	376
0.048579	65
0.279751	618
0.104151	3
0.125877	6
0.476731	0
0.024197	1
0.131519	6
0.040893	1
0.344124	32
0.052613	153
0.018405	2
0.089555	3
0.092319	0
0.182574	6497
0.026243	17
0.183533	29
0.057208	0
0.040258	0
0.707107	1
0.046945	77
0.024361	30
0.015859	0
0.042405	1
0.056705	20
0.140952	0
0.11523	0
0.044666	71
0.034586	167
0.030317	81
0.016648	0
0.019984	1
0.02253	20
0.021205	1
0.120483	112
0.031682	0
0.145575	3
0.33541	351
0.023466	13
0.05748	1
0.052066	0
0.12946	0
0.845154	0
0.032466	2
0.117444	2984
0.047809	72
0.025555	0
0.069886	0
0.021636	0
0.116941	1
0.029504	0
0.062017	3548
0.034174	7
0.185058	0
0.034224	1
0.035663	2
0.030373	57
0.067806	484
0.058849	420
0.032616	318
0.019231	4
0.015206	0
0.019649	1
0.038152	0
0.06111	1
0.042835	724
0.097157	3
0.213201	563
0.071383	684
0.084853	28
0.091971	4
0.471405	1
0.170941	10
0.021477	7
0.198762	12
0.014841	0
0.038125	207
0.073193	6
0.127515	0
0.093865	0
0.066259	3
0.057682	0
0.018531	0
0.02616	0
0.035979	5
0.052382	0
0.118585	105
0.064927	7
0.018227	1
0.023039	11
0.027482	33
0.098029	0
0.015321	0
0.034483	0
0.080178	25
0.050782	0
0.062318	439
0.034503	411
0.017689	0
0.042718	417
0.028677	52
0.067229	651
0.06531	5
0.042371	2
0.131876	3980
0.051832	0
0.037966	3
0.044544	353
0.220326	2
0.051215	166
0.816497	0
0.020924	5
0.030744	0
0.048679	21
0.046029	505
0.058471	308
0.093968	0
0.082076	0
0.025607	63
0.03959	1
0.055757	1
0.301511	374
0.040226	0
0.100504	191
0.020739	8
0.081801	13
0.018522	1
0.048015	92
0.416025	18
0.025278	66
0.078648	24
0.052926	10
0.023837	43
0.14415	9
0.131165	3
0.071429	1119
0.146059	8
0.089087	96
0.09375	2
0.051098	9
0.038633	494
0.0848	0
0.065512	23
0.057448	33
0.050709	0
0.363803	18
0.022417	31
0.026426	16
0.036637	451
0.8	4
0.029934	57
0.058498	1
0.125553	4
0.1849	2
0.078326	82
0.064018	1179
0.021224	16
0.135526	202
0.075378	1750
0.067612	587
0.075059	714
0.025683	19
0.016319	0
0.024056	10
0.045932	6
0.046188	104
0.014192	1
0.160128	530
0.019263	2
0.040656	636
0.054956	1
0.151099	0
0.192055	16
0.202548	20
0.338062	2636
0.171499	433
0.116335	61
0.09267	3
0.079809	57
0.051917	1
0.029775	62
0.08737	152
0.032317	1
0.019227	2
0.027017	100
0.143839	296
0.097078	69
0.025524	68
0.073472	1
0.103452	3
0.047272	52
0.038278	12
0.049814	1
0.035218	0
0.051367	5
0.1016	1
0.019146	0
0.052129	954
0.041978	21
0.015171	1
0.036564	167
0.016964	0
0.103975	2486
0.042914	3
0.087039	1294
0.02055	0
0.53936	33
0.045061	37
0.016575	0
0.01525	0
0.045175	613
0.072336	9
0.065003	6
0.085367	40
0.433013	6
0.027608	23
0.028006	137
0.051525	1
0.02837	1
0.014861	0
0.127	311
0.123508	165
0.025994	86
0.020743	2
0.077589	35
0.044305	1
0.017691	4
0.040129	2
0.030715	267
0.015911	0
0.05994	1
0.020628	15
0.024183	30
0.08	854
0.034895	0
0.066372	46
0.02926	58
0.107833	285
0.173032	1
0.097736	1
0.064106	3
0.068519	43
0.035944	2
0.021152	12
0.085023	19
0.109764	285
0.086367	1
0.042705	0
0.204598	566
0.145095	3917
0.049147	8
0.059028	19
0.09673	0
0.021369	9
0.035669	0
0.038433	1
0.044555	49
0.141069	0
0.014744	0
0.155963	434
0.025854	9
0.083366	39
0.02098	5
0.086244	35
0.029298	143
0.112194	144
0.053666	0
0.038035	5
0.045408	775
0.019288	1
0.018912	0
0.090784	0
0.083205	40
0.014086	1
0.030916	1
0.041301	24
0.020311	1
0.022966	9
0.05698	990
0.028116	154
0.017547	1
0.016341	0
0.039413	10
0.082199	1558
0.069338	1352
0.129532	0
0.154533	15
0.07698	1035
0.052502	0
0.047088	2
0.045763	175
0.147542	5
0.030359	174
0.043113	2
0.097435	2
0.283473	14
0.01714	0
0.049447	10
0.029173	134
0.116052	1
0.060999	450
0.079388	0
0.033952	0
0.022054	6
0.410391	35
0.038749	3
0.034442	1
0.037424	1
0.185496	9
0.032208	94
0.016867	0
0.227185	33
0.089324	4
0.099535	0
0.102299	58
0.248452	0
0.068399	498
0.055153	299
0.018356	0
0.019477	0
0.034452	0
0.372104	267
0.080757	40
0.052271	10
0.013928	0
0.187867	432
0.024922	45
0.070888	66
0.058621	19
0.015782	0
0.06006	0
0.645497	0
0.021698	11
0.037696	10
0.196116	492
0.089843	39
0.029412	44
0.147844	2
0.017239	0
0.017447	0
0.018983	4
0.036096	2
0.077557	930
0.070225	7
0.024456	4
0.040121	19
0.033855	2
0.038243	5
0.052543	2
0.019968	0
0.10554	1
0.095443	3
0.254	1
0.03625	0
0.067505	2
0.038778	610
0.06634	3
0.093891	2
0.071982	31
0.029251	1
0.027254	1
0.038384	9
0.051383	153
0.042993	0
0.147799	7
0.093633	1
0.015871	0
0.063529	8
0.117851	1474
0.022168	21
0.023649	4
0.03719	0
0.286446	51
0.095783	142
0.018915	0
0.01759	0
0.017917	1
0.039337	3
0.067937	6
0.039451	7
0.187523	21
0.029488	199
0.021281	5
0.017201	0
0.023063	48
0.036298	0
0.527046	1
0.041885	558
0.02582	68
0.119334	8
0.135804	9
0.186339	1
0.023623	11
0.112115	3
0.07472	0
0.153897	197
0.059976	34
0.055234	0
0.064851	4
0.020395	1
0.066998	4
0.037043	7
0.048723	60
0.042033	1
0.40161	5
0.025078	46
0.072023	13
0.032595	0
0.063105	2
0.116248	309
0.117363	0
0.074813	0
0.07581	37
0.054433	179
0.041595	2
0.018751	3
0.045314	2
0.251577	2
0.195283	34
0.138086	10
0.281718	0
0.069098	9
0.041135	2
0.083992	0
0.133631	1910
0.101764	2
0.11547	5658
0.08295	0
0.027842	99
0.07892	14
0.23694	15
0.077719	17
0.028615	0
0.039606	11
0.057378	372
0.132964	2
0.039528	870
0.027359	24
0.132236	6
0.042689	23
0.091003	3
0.054339	0
0.06455	3847
0.025351	13
0.037503	1
0.017789	0
0.096028	2
0.030729	1
0.01744	0
0.055728	10
0.043853	1115
0.03435	3
0.04865	58
0.095077	1
0.433861	28
0.058113	4
0.02905	176
0.031814	97
0.359211	0
0.039375	519
0.030802	0
0.076747	0
0.090453	32
0.0354	0
0.125436	15
0.3371	0
0.09525	2
0.072232	19
0.087186	0
0.033686	1
0.076472	72
0.031686	63
0.020637	0
0.147264	321
0.063725	375
0.113364	1
0.022972	28
0.146647	1
0.03326	124
0.050035	0
0.112747	0
0.04184	27
0.053376	6
0.14501	6
0.038208	497
0.332182	39
0.133235	0
0.214286	24
0.018608	0
0.044444	115
0.01803	0
0.041794	14
0.107058	0
0.061951	1
0.015101	1
0.015076	0
0.065094	1633
0.203069	0
0.052144	1
0.04008	26
0.189661	0
0.140114	3
0.093704	22
0.199205	2
0.042796	4
0.129969	0
0.054534	158
0.020585	3
0.024369	9
0.017623	2
0.12958	8
0.105777	0
0.017555	2
0.06178	21
0.031762	0
0.022611	3
0.032791	255
0.015841	0
0.085194	43
0.028928	144
0.020307	1
0.079894	17
0.060921	1
0.021017	1
0.107763	122
0.565685	25
0.063316	1
0.046816	103
0.105227	0
0.057027	206
0.180702	16
0.082729	28
0.017678	2
0.237171	490
0.3849	1
0.106871	1
0.068288	6
0.017395	4
0.028298	1
0.061663	41
0.039299	7
0.076077	13
0.091574	0
0.031235	173
0.219265	0
0.104257	2291
0.036084	158
0.085671	1321
0.044324	1
0.020464	4
0.016819	0
0.15861	0
0.087932	1
0.042496	33
0.035892	3
0.056796	1626
0.025286	11
0.03996	12
0.019873	1
0.018033	1
0.141865	8
0.030571	200
0.019389	12
0.040782	16
0.067574	56
0.082887	14
0.052432	139
0.10351	64
0.340997	4
0.019	1
0.047246	690
0.026207	23
0.045455	467
0.101274	2158
0.018365	5
0.035093	140
0.035635	1
0.094943	0
0.069938	7
0.022942	30
0.019936	0
0.028989	129
0.612372	6
0.070014	1516
0.048337	711
0.021843	6
0.050443	6
0.104765	66
0.08561	0
0.172062	7
0.091287	6199
0.073743	29
0.050767	499
0.020129	3
0.094165	61
0.018804	33
0.071207	14
0.043315	1
0.057615	248
0.156893	15
0.054965	26
0.597614	2
0.075955	11
0.050508	487
0.01709	1
0.078379	12
0.049162	102
0.100887	1
0.062137	18
0.022389	19
0.026631	99
0.077876	0
0.08064	1
0.134231	0
0.019555	6
0.092998	2
0.134459	2
0.0305	206
0.055685	385
0.053683	8
0.100673	5
0.030411	1
0.017744	2
0.089803	2369
0.051434	6
0.016621	1
0.064051	476
0.037898	5
0.01857	2
0.047673	1758
0.031159	214
0.05567	0
0.03872	1
0.028724	48
0.023187	57
0.169842	15
0.021884	2
0.015867	1
0.022033	30
0.185695	470
0.024311	6
0.050252	557
0.018182	3
0.052745	0
0.219529	0
0.032947	1
0.021442	12
0.149487	1
0.023756	4
0.042145	1
0.104447	53
0.027995	44
0.053795	0
0.032756	103
0.018411	1
0.040825	941
0.143684	14
0.014949	0
0.020717	6
0.020851	9
0.02177	15
0.033806	293
0.023094	34
0.195698	566
0.020328	12
0.085592	1
0.169031	7401
0.018595	4
0.054818	0
0.096031	2
0.039653	292
0.074261	0
0.071611	2946
0.037689	238
0.0508	105
0.103203	60
0.148159	325
0.021905	4
0.084215	88
0.021457	2
0.210042	19
0.02325	15
0.112911	2
0.018881	0
0.030457	0
0.091863	0
0.0635	1161
0.020101	16
0.020228	0
0.29173	0
0.130066	2
0.159901	10
0.069254	0
0.065388	5
0.019707	1
0.033186	132
0.03595	2
0.084141	1376
0.133333	3113
0.093761	2247
0.0762	10
0.019822	12
0.065372	18
0.028444	38
0.101419	70
0.046312	52
0.017932	0
0.045129	2
0.019433	0
0.031083	160
0.090933	2
0.095482	1
0.100901	4
0.042563	322
0.017719	3
0.014471	0
0.030096	82
0.191741	1
0.069505	49
0.087894	34
0.208514	627
0.041667	316
0.018273	0
0.087391	1
0.092155	1
0.135225	2
0.186052	183
0.166667	1309
0.294086	14
0.035444	191
0.017226	2
0.0212	11
0.253185	1
0.052253	151
0.129701	178
0.035055	3
0.020806	4
0.058778	0
0.064179	4
0.036037	351
0.046689	56
0.373002	35
0.059177	0
0.032191	239
0.022852	33
0.018538	0
0.017213	1
0.017381	0
0.32969	3
0.013327	0
0.036424	2
0.018149	3
0.129099	8400
0.075235	9
0.01435	1
0.083527	56
0.078113	28
0.227038	0
0.029988	42
0.025724	0
0.015314	0
0.017874	1
0.17609	2
0.046474	1
0.07231	674
0.060634	1263
0.016462	0
0.022785	1
0.019087	2
0.119098	0
0.022496	12
0.098374	46
0.041996	1
0.079368	1134
0.050882	140
0.055989	21
0.041703	559
0.06449	0
0.05376	7
0.044257	3
0.01916	0
0.025959	14
0.225018	0
0.066118	523
0.24544	1
0.035601	0
0.037333	1
0.063743	3
0.086977	0
0.062257	28
0.058168	1
0.166812	22
0.017175	0
0.044237	4
0.089482	0
0.041434	16
0.043489	50
0.234082	0
0.025318	110
0.036854	3
0.073632	38
0.161515	126
0.276026	30
0.02092	15
0.017368	0
0.060746	21
0.107143	0
0.027217	78
0.053529	9
0.024028	5
0.101112	1
0.125656	160
0.033864	130
0.234404	0
0.020097	0
0.058554	0
0.065407	495
0.014858	0
0.033426	201
0.312348	0
0.037629	2
0.036304	1
0.043274	1
0.016396	0
0.080408	0
0.129437	5
0.100951	1
0.024815	11
0.066667	2860
0.064401	9
0.016201	0
0.139876	142
0.116073	7
0.218218	459
0.047193	2
0.144673	304
0.017137	0
0.030272	0
0.044412	2
0.06689	1
0.042486	1
0.102937	1
0.079134	1
0.108465	5264
0.022162	0
0.036792	3
0.016748	0
0.030324	0
0.032487	0
0.014502	0
0.01998	2
0.031544	176
0.046727	5
0.037398	408
0.038837	2
0.086306	1
0.024656	59
0.016473	0
0.11767	168
0.025359	70
0.043748	42
0.034381	0
0.021822	17
0.015136	0
0.028307	46
0.018791	7
0.019202	9
0.098473	0
0.016552	1
0.072357	60
0.03469	2
0.080845	85
0.01702	0
0.108625	2
0.036185	2
0.025906	143
0.028748	114
0.093934	48
0.019281	5
0.04701	86
0.157329	0
0.019749	0
0.043906	70
0.026956	0
0.025717	18
0.088131	1902
0.055556	755
0.093659	130
0.016265	0
0.071889	1
0.086603	30
0.030542	89
0.01936	5
0.047606	104
0.074767	20
0.040867	26
0.025126	11
0.042592	22
0.033218	0
0.496139	24
0.021072	3
0.107482	0
0.027369	95
0.071842	869
0.193347	1
0.036067	5
0.050475	139
0.016903	0
0.020481	1
0.105802	3
0.04398	0
0.090351	1173
0.100167	1
0.0254	83
0.061885	6
0.019209	1
0.312772	34
0.038866	0
0.02111	4
0.03175	113
0.097014	1739
0.065033	1
0.027775	0
0.041812	393
0.049311	203
0.328798	0
0.032686	96
0.019299	3
0.034125	1
0.088561	1174
0.033113	137
0.039036	4
0.176166	441
0.094304	2
0.020761	12
0.348155	0
0.080611	10
0.099123	2
0.430331	1
0.026997	31
0.187317	2
0.156174	383
0.188982	1831
0.017722	1
0.111586	2
0.035494	2
0.032844	0
0.037796	681
0.059005	1
0.206284	0
0.113961	299
0.068024	6
0.039645	26
0.027067	108
0.035333	1
0.084972	0
0.154919	365
0.021186	1
0.036155	395
0.029062	59
0.01788	0
0.110305	1
0.036811	1
0.018618	4
0.025441	71
0.02688	15
0.092144	82
0.040791	1
0.020141	7
0.1283	1
0.48795	0
0.152944	0
0.034555	3
0.080064	1654
0.10451	2
0.026491	66
0.127688	4
0.071958	0
0.018427	2
0.138013	2618
0.132599	4
0.041613	18
0.466252	1
0.04598	6
0.02687	94
0.058004	0
0.221163	34
0.016713	0
0.086066	3807
0.018152	3
0.046752	61
0.154303	342
0.0533	919
0.026135	17
0.054313	7
0.096324	65
0.027692	31
0.030787	197
0.022206	10
0.117041	233
0.015162	0
0.03686	234
0.093352	0
0.163299	3121
0.029881	226
0.03156	88
0.018699	1
0.037088	0
0.142374	18
0.058835	4
0.054333	222
0.304997	1
0.113715	3
0.183804	0
0.023014	14
0.273861	416
0.16169	0
0.035607	4
0.344265	40
0.036699	2
0.066082	20
0.127205	0
0.023505	28
0.264906	0
0.13408	10
0.026968	114
0.102899	78
0.059496	294
0.033287	0
0.18334	0
0.020182	1
0.026064	23
0.02008	10
0.02357	30
0.055132	5
0.073521	3552
0.018468	0
0.048393	2
0.039621	0
0.270501	0
0.018582	8
0.020906	5
0.028916	39
0.109682	2
0.092499	1
0.025786	12
0.016308	2
0.019518	2
0.033497	1
0.152832	9
0.048057	5
0.058443	3
0.018898	4
0.050379	6
0.098693	6
0.034868	2
0.165145	375
0.019597	0
0.044677	3
0.016879	1
0.038454	3
0.017087	0
0.103142	255
0.020533	4
0.114043	1
0.019582	1
0.040032	288
0.021418	17
0.120873	4
0.139262	4
0.02299	8
0.319801	54
0.181568	1
0.110702	0
0.061365	0
0.02665	26
0.023376	25
0.066162	0
0.020726	3
0.072761	13
0.049326	10
0.022519	14
0.046676	8
0.132842	143
0.071187	0
0.097027	6
0.234261	24
0.242536	308
0.122859	2840
0.022846	7
0.04004	9
0.021091	2
0.132453	321
0.086423	24
0.052523	150
0.041487	5
0.19868	15
0.037012	261
0.060084	13
0.068376	36
0.026688	16
0.11452	2823
0.09167	144
0.057544	16
0.039968	0
0.017984	1
0.087811	2
0.02447	33
0.030151	275
0.083918	81
0.090007	0
0.038888	4
0.06207	1
0.069631	549
0.020429	2
0.018781	6
0.090167	147
0.090249	27
0.121268	1528
0.087631	0
0.056695	0
0.062966	2
0.018506	1
0.030042	55
0.028772	35
0.029617	179
0.115728	3
0.243432	37
0.016807	1
0.058332	0
0.045835	634
0.0657	1
0.078087	1341
0.044901	439
0.050189	1
0.118217	4
0.099381	1539
0.026764	15
0.076139	762
0.327327	16
0.076767	0
0.218797	33
0.096561	0
0.044632	0
0.022657	6
0.055328	0
0.020064	2
0.071067	57
0.078514	17
0.065653	1370
0.075864	880
0.02225	36
